FE	Run 1	Run 2	Run 3	Run 4	Run 5	Run 6	Run 7	Run 8	Run 9	Run 10	Average
1	197598.0	197598.0	197598.0	197598.0	197598.0	197598.0	197598.0	197598.0	197598.0	197598.0	197598.0
2	197571.0	197571.0	197571.0	197571.0	197571.0	197571.0	197571.0	197571.0	197571.0	197571.0	197571.0
3	197571.0	197571.0	197571.0	197571.0	197571.0	197571.0	197571.0	197571.0	197571.0	197571.0	197571.0
4	197571.0	197571.0	197571.0	197571.0	197571.0	197571.0	197571.0	197571.0	197571.0	197571.0	197571.0
5	197571.0	197571.0	197571.0	197571.0	197571.0	197571.0	197571.0	197571.0	197571.0	197571.0	197571.0
6	197571.0	197571.0	197571.0	197571.0	197571.0	197571.0	197571.0	197571.0	197571.0	197571.0	197571.0
7	197571.0	197571.0	197571.0	197571.0	197571.0	197571.0	197571.0	197571.0	197571.0	197571.0	197571.0
8	197571.0	197571.0	197571.0	197571.0	197571.0	197571.0	197571.0	197571.0	197571.0	197571.0	197571.0
9	197571.0	197571.0	197571.0	197571.0	197571.0	197571.0	197571.0	197571.0	197571.0	197571.0	197571.0
10	197571.0	197571.0	197571.0	197571.0	197571.0	197571.0	197571.0	197571.0	197571.0	197571.0	197571.0
11	197571.0	197571.0	197571.0	197571.0	197571.0	197571.0	197571.0	197571.0	197571.0	197571.0	197571.0
12	197571.0	197571.0	197571.0	197571.0	197571.0	197571.0	197571.0	197571.0	197571.0	197571.0	197571.0
13	197571.0	197571.0	197571.0	197571.0	197571.0	197571.0	197571.0	197571.0	197571.0	197571.0	197571.0
14	197571.0	197571.0	197571.0	197571.0	197571.0	197571.0	197571.0	197571.0	197571.0	197571.0	197571.0
15	197571.0	197571.0	197571.0	197571.0	197571.0	197571.0	197571.0	197571.0	197571.0	197571.0	197571.0
16	197571.0	197571.0	197571.0	197571.0	197571.0	197571.0	197571.0	197571.0	197571.0	197571.0	197571.0
17	197571.0	197571.0	197571.0	197571.0	197571.0	197571.0	197571.0	197571.0	197571.0	197571.0	197571.0
18	197571.0	197571.0	197571.0	197571.0	197571.0	197571.0	197571.0	197571.0	197571.0	197571.0	197571.0
19	197571.0	197571.0	197571.0	197571.0	197571.0	197571.0	197571.0	197571.0	197571.0	197571.0	197571.0
20	197571.0	197571.0	197571.0	197571.0	197571.0	197571.0	197571.0	197571.0	197571.0	197571.0	197571.0
21	197571.0	197571.0	197571.0	197571.0	197571.0	197571.0	197571.0	197571.0	197571.0	197571.0	197571.0
22	197571.0	197571.0	197571.0	197571.0	197571.0	197571.0	197571.0	197571.0	197571.0	197571.0	197571.0
23	197571.0	197571.0	197571.0	197571.0	197571.0	197571.0	197571.0	197571.0	197571.0	197571.0	197571.0
24	197571.0	197571.0	197571.0	197571.0	197571.0	197571.0	197571.0	197571.0	197571.0	197571.0	197571.0
25	197571.0	197571.0	197571.0	197571.0	197571.0	197571.0	197571.0	197571.0	197571.0	197571.0	197571.0
26	197571.0	197571.0	197571.0	197571.0	197571.0	197571.0	197571.0	197571.0	197571.0	197571.0	197571.0
27	197571.0	197571.0	197571.0	197571.0	197571.0	197571.0	197571.0	197571.0	197571.0	197571.0	197571.0
28	197571.0	197571.0	197571.0	197571.0	197571.0	197571.0	197571.0	197571.0	197571.0	197571.0	197571.0
29	197571.0	197571.0	197571.0	197571.0	197571.0	197571.0	197571.0	197571.0	197571.0	197571.0	197571.0
30	197571.0	197571.0	197571.0	197571.0	197571.0	197571.0	197571.0	197571.0	197571.0	197571.0	197571.0
31	197571.0	197571.0	197571.0	197571.0	197571.0	197571.0	197571.0	197571.0	197571.0	197571.0	197571.0
32	197571.0	197571.0	197571.0	197571.0	197571.0	197571.0	197571.0	197571.0	197571.0	197571.0	197571.0
33	197571.0	197571.0	197571.0	197571.0	197571.0	197571.0	197571.0	197571.0	197571.0	197571.0	197571.0
34	197571.0	197571.0	197571.0	197571.0	197571.0	197571.0	197571.0	197571.0	197571.0	197571.0	197571.0
35	4453.44	4453.44	4453.44	4453.44	4453.44	4453.44	4453.44	4453.44	4453.44	4453.44	4453.4400000000005
36	4453.44	4453.44	4453.44	4453.44	4453.44	4453.44	4453.44	4453.44	4453.44	4453.44	4453.4400000000005
37	4453.44	4453.44	4453.44	4453.44	4453.44	4453.44	4453.44	4453.44	4453.44	4453.44	4453.4400000000005
38	4453.44	4453.44	4453.44	4453.44	4453.44	4453.44	4453.44	4453.44	4453.44	4453.44	4453.4400000000005
39	4453.44	4453.44	4453.44	4453.44	4453.44	4453.44	4453.44	4453.44	4453.44	4453.44	4453.4400000000005
40	4453.44	4453.44	4453.44	4453.44	4453.44	4453.44	4453.44	4453.44	4453.44	4453.44	4453.4400000000005
41	2457.04	2457.04	2457.04	2457.04	2457.04	2457.04	2457.04	2457.04	2457.04	2457.04	2457.04
42	2448.15	2448.15	2448.15	2448.15	2448.15	2448.15	2448.15	2448.15	2448.15	2448.15	2448.1500000000005
43	2448.15	2448.15	2448.15	2448.15	2448.15	2448.15	2448.15	2448.15	2448.15	2448.15	2448.1500000000005
44	2448.15	2448.15	2448.15	2448.15	2448.15	2448.15	2448.15	2448.15	2448.15	2448.15	2448.1500000000005
45	2448.15	2448.15	2448.15	2448.15	2448.15	2448.15	2448.15	2448.15	2448.15	2448.15	2448.1500000000005
46	2448.15	2448.15	2448.15	2448.15	2448.15	2448.15	2448.15	2448.15	2448.15	2448.15	2448.1500000000005
47	2448.15	2448.15	2448.15	2448.15	2448.15	2448.15	2448.15	2448.15	2448.15	2448.15	2448.1500000000005
48	2448.15	2448.15	2448.15	2448.15	2448.15	2448.15	2448.15	2448.15	2448.15	2448.15	2448.1500000000005
49	2448.15	2448.15	2448.15	2448.15	2448.15	2448.15	2448.15	2448.15	2448.15	2448.15	2448.1500000000005
50	1984.31	1984.31	1984.31	1984.31	1984.31	1984.31	1984.31	1984.31	1984.31	1984.31	1984.3100000000002
51	1984.31	1984.31	1984.31	1984.31	1984.31	1984.31	1984.31	1984.31	1984.31	1984.31	1984.3100000000002
52	1984.31	1984.31	1984.31	1984.31	1984.31	1984.31	1984.31	1984.31	1984.31	1984.31	1984.3100000000002
53	1984.31	1984.31	1984.31	1984.31	1984.31	1984.31	1984.31	1984.31	1984.31	1984.31	1984.3100000000002
54	1984.31	1984.31	1984.31	1984.31	1984.31	1984.31	1984.31	1984.31	1984.31	1984.31	1984.3100000000002
55	1984.31	1984.31	1984.31	1984.31	1984.31	1984.31	1984.31	1984.31	1984.31	1984.31	1984.3100000000002
56	1984.31	1984.31	1984.31	1984.31	1984.31	1984.31	1984.31	1984.31	1984.31	1984.31	1984.3100000000002
57	1984.31	1984.31	1984.31	1984.31	1984.31	1984.31	1984.31	1984.31	1984.31	1984.31	1984.3100000000002
58	1984.31	1984.31	1984.31	1984.31	1984.31	1984.31	1984.31	1984.31	1984.31	1984.31	1984.3100000000002
59	1984.31	1984.31	1984.31	1984.31	1984.31	1984.31	1984.31	1984.31	1984.31	1984.31	1984.3100000000002
60	1984.31	1984.31	1984.31	1984.31	1984.31	1984.31	1984.31	1984.31	1984.31	1984.31	1984.3100000000002
61	1984.31	1984.31	1984.31	1984.31	1984.31	1984.31	1984.31	1984.31	1984.31	1984.31	1984.3100000000002
62	1984.31	1984.31	1984.31	1984.31	1984.31	1984.31	1984.31	1984.31	1984.31	1984.31	1984.3100000000002
63	1984.31	1984.31	1984.31	1984.31	1984.31	1984.31	1984.31	1984.31	1984.31	1984.31	1984.3100000000002
64	1984.31	1984.31	1984.31	1984.31	1984.31	1984.31	1984.31	1984.31	1984.31	1984.31	1984.3100000000002
65	1984.31	1984.31	1984.31	1984.31	1984.31	1984.31	1984.31	1984.31	1984.31	1984.31	1984.3100000000002
66	1984.31	1984.31	1984.31	1984.31	1984.31	1984.31	1984.31	1984.31	1984.31	1984.31	1984.3100000000002
67	1984.31	1984.31	1984.31	1984.31	1984.31	1984.31	1984.31	1984.31	1984.31	1984.31	1984.3100000000002
68	1984.31	1984.31	1984.31	1984.31	1984.31	1984.31	1984.31	1984.31	1984.31	1984.31	1984.3100000000002
69	1984.31	1984.31	1984.31	1984.31	1984.31	1984.31	1984.31	1984.31	1984.31	1984.31	1984.3100000000002
70	1984.31	1984.31	1984.31	1984.31	1984.31	1984.31	1984.31	1984.31	1984.31	1984.31	1984.3100000000002
71	1984.31	1984.31	1984.31	1984.31	1984.31	1984.31	1984.31	1984.31	1984.31	1984.31	1984.3100000000002
72	1984.31	1984.31	1984.31	1984.31	1984.31	1984.31	1984.31	1984.31	1984.31	1984.31	1984.3100000000002
73	1984.31	1984.31	1984.31	1984.31	1984.31	1984.31	1984.31	1984.31	1984.31	1984.31	1984.3100000000002
74	1984.31	1984.31	1984.31	1984.31	1984.31	1984.31	1984.31	1984.31	1984.31	1984.31	1984.3100000000002
75	1984.31	1984.31	1984.31	1984.31	1984.31	1984.31	1984.31	1984.31	1984.31	1984.31	1984.3100000000002
76	1984.31	1984.31	1984.31	1984.31	1984.31	1984.31	1984.31	1984.31	1984.31	1984.31	1984.3100000000002
77	1984.31	1984.31	1984.31	1984.31	1984.31	1984.31	1984.31	1984.31	1984.31	1984.31	1984.3100000000002
78	1984.31	1984.31	1984.31	1984.31	1984.31	1984.31	1984.31	1984.31	1984.31	1984.31	1984.3100000000002
79	1984.31	1984.31	1984.31	1984.31	1984.31	1984.31	1984.31	1984.31	1984.31	1984.31	1984.3100000000002
80	1984.31	1984.31	1984.31	1984.31	1984.31	1984.31	1984.31	1984.31	1984.31	1984.31	1984.3100000000002
81	1984.31	1984.31	1984.31	1984.31	1984.31	1984.31	1984.31	1984.31	1984.31	1984.31	1984.3100000000002
82	1984.31	1984.31	1984.31	1984.31	1984.31	1984.31	1984.31	1984.31	1984.31	1984.31	1984.3100000000002
83	1984.31	1984.31	1984.31	1984.31	1984.31	1984.31	1984.31	1984.31	1984.31	1984.31	1984.3100000000002
84	1984.31	1984.31	1984.31	1984.31	1984.31	1984.31	1984.31	1984.31	1984.31	1984.31	1984.3100000000002
85	1984.31	1984.31	1984.31	1984.31	1984.31	1984.31	1984.31	1984.31	1984.31	1984.31	1984.3100000000002
86	1984.31	1984.31	1984.31	1984.31	1984.31	1984.31	1984.31	1984.31	1984.31	1984.31	1984.3100000000002
87	1984.31	1984.31	1984.31	1984.31	1984.31	1984.31	1984.31	1984.31	1984.31	1984.31	1984.3100000000002
88	1984.31	1984.31	1984.31	1984.31	1984.31	1984.31	1984.31	1984.31	1984.31	1984.31	1984.3100000000002
89	1984.31	1984.31	1984.31	1984.31	1984.31	1984.31	1984.31	1984.31	1984.31	1984.31	1984.3100000000002
90	1984.31	1984.31	1984.31	1984.31	1984.31	1984.31	1984.31	1984.31	1984.31	1984.31	1984.3100000000002
91	1984.31	1984.31	1984.31	1984.31	1984.31	1984.31	1984.31	1984.31	1984.31	1984.31	1984.3100000000002
92	1984.31	1984.31	1984.31	1984.31	1984.31	1984.31	1984.31	1984.31	1984.31	1984.31	1984.3100000000002
93	1984.31	1984.31	1984.31	1984.31	1984.31	1984.31	1984.31	1984.31	1984.31	1984.31	1984.3100000000002
94	1984.31	1984.31	1984.31	1984.31	1984.31	1984.31	1984.31	1984.31	1984.31	1984.31	1984.3100000000002
95	1984.31	1984.31	1984.31	1984.31	1984.31	1984.31	1984.31	1984.31	1984.31	1984.31	1984.3100000000002
96	1984.31	1984.31	1984.31	1984.31	1984.31	1984.31	1984.31	1984.31	1984.31	1984.31	1984.3100000000002
97	1984.31	1984.31	1984.31	1984.31	1984.31	1984.31	1984.31	1984.31	1984.31	1984.31	1984.3100000000002
98	1984.31	1984.31	1984.31	1984.31	1984.31	1984.31	1984.31	1984.31	1984.31	1984.31	1984.3100000000002
99	1984.31	1984.31	1984.31	1984.31	1984.31	1984.31	1984.31	1984.31	1984.31	1984.31	1984.3100000000002
100	1984.31	1984.31	1984.31	1984.31	1984.31	1984.31	1984.31	1984.31	1984.31	1984.31	1984.3100000000002
101	1984.31	1984.31	1984.31	1984.31	1984.31	1984.31	1984.31	1984.31	1984.31	1984.31	1984.3100000000002
102	1984.31	1984.31	1984.31	1984.31	1984.31	1984.31	1984.31	1984.31	1984.31	1984.31	1984.3100000000002
103	1984.31	1984.31	1984.31	1984.31	1984.31	1984.31	1984.31	1984.31	1984.31	1984.31	1984.3100000000002
104	1984.31	1984.31	1984.31	1984.31	1984.31	1984.31	1984.31	1984.31	1984.31	1984.31	1984.3100000000002
105	1984.31	1984.31	1984.31	1984.31	1984.31	1984.31	1984.31	1984.31	1984.31	1984.31	1984.3100000000002
106	1984.31	1984.31	1984.31	1984.31	1984.31	1984.31	1984.31	1984.31	1984.31	1984.31	1984.3100000000002
107	1984.31	1984.31	1984.31	1984.31	1984.31	1984.31	1984.31	1984.31	1984.31	1984.31	1984.3100000000002
108	1984.31	1984.31	1984.31	1984.31	1984.31	1984.31	1984.31	1984.31	1984.31	1984.31	1984.3100000000002
109	1984.31	1984.31	1984.31	1984.31	1984.31	1984.31	1984.31	1984.31	1984.31	1984.31	1984.3100000000002
110	1984.31	1984.31	1984.31	1984.31	1984.31	1984.31	1984.31	1984.31	1984.31	1984.31	1984.3100000000002
111	1984.31	1984.31	1984.31	1984.31	1984.31	1984.31	1984.31	1984.31	1984.31	1984.31	1984.3100000000002
112	1984.31	1984.31	1984.31	1984.31	1984.31	1984.31	1984.31	1984.31	1984.31	1984.31	1984.3100000000002
113	1984.31	1984.31	1984.31	1984.31	1984.31	1984.31	1984.31	1984.31	1984.31	1984.31	1984.3100000000002
114	1984.31	1984.31	1984.31	1984.31	1984.31	1984.31	1984.31	1984.31	1984.31	1984.31	1984.3100000000002
115	1984.31	1984.31	1984.31	1984.31	1984.31	1984.31	1984.31	1984.31	1984.31	1984.31	1984.3100000000002
116	1984.31	1984.31	1984.31	1984.31	1984.31	1984.31	1984.31	1984.31	1984.31	1984.31	1984.3100000000002
117	502.827	502.827	502.827	502.827	502.827	502.827	502.827	502.827	502.827	502.827	502.82700000000006
118	502.827	502.827	502.827	502.827	502.827	502.827	502.827	502.827	502.827	502.827	502.82700000000006
119	502.827	502.827	502.827	502.827	502.827	502.827	502.827	502.827	502.827	502.827	502.82700000000006
120	502.827	502.827	502.827	502.827	502.827	502.827	502.827	502.827	502.827	502.827	502.82700000000006
121	502.827	502.827	502.827	502.827	502.827	502.827	502.827	502.827	502.827	502.827	502.82700000000006
122	502.827	502.827	502.827	502.827	502.827	502.827	502.827	502.827	502.827	502.827	502.82700000000006
123	502.827	502.827	502.827	502.827	502.827	502.827	502.827	502.827	502.827	502.827	502.82700000000006
124	502.827	502.827	502.827	502.827	502.827	502.827	502.827	502.827	502.827	502.827	502.82700000000006
125	502.827	502.827	502.827	502.827	502.827	502.827	502.827	502.827	502.827	502.827	502.82700000000006
126	502.827	502.827	502.827	502.827	502.827	502.827	502.827	502.827	502.827	502.827	502.82700000000006
127	502.827	502.827	502.827	502.827	502.827	502.827	502.827	502.827	502.827	502.827	502.82700000000006
128	502.827	502.827	502.827	502.827	502.827	502.827	502.827	502.827	502.827	502.827	502.82700000000006
129	41.137	41.137	41.137	41.137	41.137	41.137	41.137	41.137	41.137	41.137	41.137
130	38.174	38.174	38.174	38.174	38.174	38.174	38.174	38.174	38.174	38.174	38.17399999999999
131	38.174	38.174	38.174	38.174	38.174	38.174	38.174	38.174	38.174	38.174	38.17399999999999
132	38.174	38.174	38.174	38.174	38.174	38.174	38.174	38.174	38.174	38.174	38.17399999999999
133	38.174	38.174	38.174	38.174	38.174	38.174	38.174	38.174	38.174	38.174	38.17399999999999
134	38.174	38.174	38.174	38.174	38.174	38.174	38.174	38.174	38.174	38.174	38.17399999999999
135	38.174	38.174	38.174	38.174	38.174	38.174	38.174	38.174	38.174	38.174	38.17399999999999
136	38.174	38.174	38.174	38.174	38.174	38.174	38.174	38.174	38.174	38.174	38.17399999999999
137	38.174	38.174	38.174	38.174	38.174	38.174	38.174	38.174	38.174	38.174	38.17399999999999
138	38.174	38.174	38.174	38.174	38.174	38.174	38.174	38.174	38.174	38.174	38.17399999999999
139	38.174	38.174	38.174	38.174	38.174	38.174	38.174	38.174	38.174	38.174	38.17399999999999
140	38.174	38.174	38.174	38.174	38.174	38.174	38.174	38.174	38.174	38.174	38.17399999999999
141	38.174	38.174	38.174	38.174	38.174	38.174	38.174	38.174	38.174	38.174	38.17399999999999
142	38.174	38.174	38.174	38.174	38.174	38.174	38.174	38.174	38.174	38.174	38.17399999999999
143	38.174	38.174	38.174	38.174	38.174	38.174	38.174	38.174	38.174	38.174	38.17399999999999
144	38.174	38.174	38.174	38.174	38.174	38.174	38.174	38.174	38.174	38.174	38.17399999999999
145	38.174	38.174	38.174	38.174	38.174	38.174	38.174	38.174	38.174	38.174	38.17399999999999
146	38.174	38.174	38.174	38.174	38.174	38.174	38.174	38.174	38.174	38.174	38.17399999999999
147	38.174	38.174	38.174	38.174	38.174	38.174	38.174	38.174	38.174	38.174	38.17399999999999
148	38.174	38.174	38.174	38.174	38.174	38.174	38.174	38.174	38.174	38.174	38.17399999999999
149	38.174	38.174	38.174	38.174	38.174	38.174	38.174	38.174	38.174	38.174	38.17399999999999
150	38.174	38.174	38.174	38.174	38.174	38.174	38.174	38.174	38.174	38.174	38.17399999999999
151	38.174	38.174	38.174	38.174	38.174	38.174	38.174	38.174	38.174	38.174	38.17399999999999
152	38.174	38.174	38.174	38.174	38.174	38.174	38.174	38.174	38.174	38.174	38.17399999999999
153	38.174	38.174	38.174	38.174	38.174	38.174	38.174	38.174	38.174	38.174	38.17399999999999
154	38.174	38.174	38.174	38.174	38.174	38.174	38.174	38.174	38.174	38.174	38.17399999999999
155	38.174	38.174	38.174	38.174	38.174	38.174	38.174	38.174	38.174	38.174	38.17399999999999
156	38.174	38.174	38.174	38.174	38.174	38.174	38.174	38.174	38.174	38.174	38.17399999999999
157	38.174	38.174	38.174	38.174	38.174	38.174	38.174	38.174	38.174	38.174	38.17399999999999
158	38.174	38.174	38.174	38.174	38.174	38.174	38.174	38.174	38.174	38.174	38.17399999999999
159	38.174	38.174	38.174	38.174	38.174	38.174	38.174	38.174	38.174	38.174	38.17399999999999
160	38.174	38.174	38.174	38.174	38.174	38.174	38.174	38.174	38.174	38.174	38.17399999999999
161	38.174	38.174	38.174	38.174	38.174	38.174	38.174	38.174	38.174	38.174	38.17399999999999
162	38.174	38.174	38.174	38.174	38.174	38.174	38.174	38.174	38.174	38.174	38.17399999999999
163	38.174	38.174	38.174	38.174	38.174	38.174	38.174	38.174	38.174	38.174	38.17399999999999
164	38.174	38.174	38.174	38.174	38.174	38.174	38.174	38.174	38.174	38.174	38.17399999999999
165	38.174	38.174	38.174	38.174	38.174	38.174	38.174	38.174	38.174	38.174	38.17399999999999
166	38.174	38.174	38.174	38.174	38.174	38.174	38.174	38.174	38.174	38.174	38.17399999999999
167	38.174	38.174	38.174	38.174	38.174	38.174	38.174	38.174	38.174	38.174	38.17399999999999
168	38.174	38.174	38.174	38.174	38.174	38.174	38.174	38.174	38.174	38.174	38.17399999999999
169	38.174	38.174	38.174	38.174	38.174	38.174	38.174	38.174	38.174	38.174	38.17399999999999
170	38.174	38.174	38.174	38.174	38.174	38.174	38.174	38.174	38.174	38.174	38.17399999999999
171	38.174	38.174	38.174	38.174	38.174	38.174	38.174	38.174	38.174	38.174	38.17399999999999
172	38.174	38.174	38.174	38.174	38.174	38.174	38.174	38.174	38.174	38.174	38.17399999999999
173	38.174	38.174	38.174	38.174	38.174	38.174	38.174	38.174	38.174	38.174	38.17399999999999
174	38.174	38.174	38.174	38.174	38.174	38.174	38.174	38.174	38.174	38.174	38.17399999999999
175	38.174	38.174	38.174	38.174	38.174	38.174	38.174	38.174	38.174	38.174	38.17399999999999
176	38.174	38.174	38.174	38.174	38.174	38.174	38.174	38.174	38.174	38.174	38.17399999999999
177	38.174	38.174	38.174	38.174	38.174	38.174	38.174	38.174	38.174	38.174	38.17399999999999
178	38.174	38.174	38.174	38.174	38.174	38.174	38.174	38.174	38.174	38.174	38.17399999999999
179	38.174	38.174	38.174	38.174	38.174	38.174	38.174	38.174	38.174	38.174	38.17399999999999
180	38.174	38.174	38.174	38.174	38.174	38.174	38.174	38.174	38.174	38.174	38.17399999999999
181	38.174	38.174	38.174	38.174	38.174	38.174	38.174	38.174	38.174	38.174	38.17399999999999
182	38.174	38.174	38.174	38.174	38.174	38.174	38.174	38.174	38.174	38.174	38.17399999999999
183	38.174	38.174	38.174	38.174	38.174	38.174	38.174	38.174	38.174	38.174	38.17399999999999
184	38.174	38.174	38.174	38.174	38.174	38.174	38.174	38.174	38.174	38.174	38.17399999999999
185	38.174	38.174	38.174	38.174	38.174	38.174	38.174	38.174	38.174	38.174	38.17399999999999
186	38.174	38.174	38.174	38.174	38.174	38.174	38.174	38.174	38.174	38.174	38.17399999999999
187	38.174	38.174	38.174	38.174	38.174	38.174	38.174	38.174	38.174	38.174	38.17399999999999
188	38.174	38.174	38.174	38.174	38.174	38.174	38.174	38.174	38.174	38.174	38.17399999999999
189	38.174	38.174	38.174	38.174	38.174	38.174	38.174	38.174	38.174	38.174	38.17399999999999
190	38.174	38.174	38.174	38.174	38.174	38.174	38.174	38.174	38.174	38.174	38.17399999999999
191	38.174	38.174	38.174	38.174	38.174	38.174	38.174	38.174	38.174	38.174	38.17399999999999
192	38.174	38.174	38.174	38.174	38.174	38.174	38.174	38.174	38.174	38.174	38.17399999999999
193	38.174	38.174	38.174	38.174	38.174	38.174	38.174	38.174	38.174	38.174	38.17399999999999
194	38.174	38.174	38.174	38.174	38.174	38.174	38.174	38.174	38.174	38.174	38.17399999999999
195	38.174	38.174	38.174	38.174	38.174	38.174	38.174	38.174	38.174	38.174	38.17399999999999
196	38.174	38.174	38.174	38.174	38.174	38.174	38.174	38.174	38.174	38.174	38.17399999999999
197	38.174	38.174	38.174	38.174	38.174	38.174	38.174	38.174	38.174	38.174	38.17399999999999
198	38.174	38.174	38.174	38.174	38.174	38.174	38.174	38.174	38.174	38.174	38.17399999999999
199	38.174	38.174	38.174	38.174	38.174	38.174	38.174	38.174	38.174	38.174	38.17399999999999
200	38.174	38.174	38.174	38.174	38.174	38.174	38.174	38.174	38.174	38.174	38.17399999999999
201	38.174	38.174	38.174	38.174	38.174	38.174	38.174	38.174	38.174	38.174	38.17399999999999
202	38.174	38.174	38.174	38.174	38.174	38.174	38.174	38.174	38.174	38.174	38.17399999999999
203	38.174	38.174	38.174	38.174	38.174	38.174	38.174	38.174	38.174	38.174	38.17399999999999
204	38.174	38.174	38.174	38.174	38.174	38.174	38.174	38.174	38.174	38.174	38.17399999999999
205	38.174	38.174	38.174	38.174	38.174	38.174	38.174	38.174	38.174	38.174	38.17399999999999
206	38.174	38.174	38.174	38.174	38.174	38.174	38.174	38.174	38.174	38.174	38.17399999999999
207	38.174	38.174	38.174	38.174	38.174	38.174	38.174	38.174	38.174	38.174	38.17399999999999
208	38.174	38.174	38.174	38.174	38.174	38.174	38.174	38.174	38.174	38.174	38.17399999999999
209	38.174	38.174	38.174	38.174	38.174	38.174	38.174	38.174	38.174	38.174	38.17399999999999
210	38.174	38.174	38.174	38.174	38.174	38.174	38.174	38.174	38.174	38.174	38.17399999999999
211	38.174	38.174	38.174	38.174	38.174	38.174	38.174	38.174	38.174	38.174	38.17399999999999
212	38.174	38.174	38.174	38.174	38.174	38.174	38.174	38.174	38.174	38.174	38.17399999999999
213	38.174	38.174	38.174	38.174	38.174	38.174	38.174	38.174	38.174	38.174	38.17399999999999
214	38.174	38.174	38.174	38.174	38.174	38.174	38.174	38.174	38.174	38.174	38.17399999999999
215	38.174	38.174	38.174	38.174	38.174	38.174	38.174	38.174	38.174	38.174	38.17399999999999
216	38.174	38.174	38.174	38.174	38.174	38.174	38.174	38.174	38.174	38.174	38.17399999999999
217	38.174	38.174	38.174	38.174	38.174	38.174	38.174	38.174	38.174	38.174	38.17399999999999
218	38.174	38.174	38.174	38.174	38.174	38.174	38.174	38.174	38.174	38.174	38.17399999999999
219	38.174	38.174	38.174	38.174	38.174	38.174	38.174	38.174	38.174	38.174	38.17399999999999
220	38.174	38.174	38.174	38.174	38.174	38.174	38.174	38.174	38.174	38.174	38.17399999999999
221	38.174	38.174	38.174	38.174	38.174	38.174	38.174	38.174	38.174	38.174	38.17399999999999
222	38.174	38.174	38.174	38.174	38.174	38.174	38.174	38.174	38.174	38.174	38.17399999999999
223	38.174	38.174	38.174	38.174	38.174	38.174	38.174	38.174	38.174	38.174	38.17399999999999
224	38.174	38.174	38.174	38.174	38.174	38.174	38.174	38.174	38.174	38.174	38.17399999999999
225	38.174	38.174	38.174	38.174	38.174	38.174	38.174	38.174	38.174	38.174	38.17399999999999
226	38.174	38.174	38.174	38.174	38.174	38.174	38.174	38.174	38.174	38.174	38.17399999999999
227	38.174	38.174	38.174	38.174	38.174	38.174	38.174	38.174	38.174	38.174	38.17399999999999
228	38.174	38.174	38.174	38.174	38.174	38.174	38.174	38.174	38.174	38.174	38.17399999999999
229	38.174	38.174	38.174	38.174	38.174	38.174	38.174	38.174	38.174	38.174	38.17399999999999
230	38.174	38.174	38.174	38.174	38.174	38.174	38.174	38.174	38.174	38.174	38.17399999999999
231	38.174	38.174	38.174	38.174	38.174	38.174	38.174	38.174	38.174	38.174	38.17399999999999
232	38.174	38.174	38.174	38.174	38.174	38.174	38.174	38.174	38.174	38.174	38.17399999999999
233	38.174	38.174	38.174	38.174	38.174	38.174	38.174	38.174	38.174	38.174	38.17399999999999
234	38.174	38.174	38.174	38.174	38.174	38.174	38.174	38.174	38.174	38.174	38.17399999999999
235	38.174	38.174	38.174	38.174	38.174	38.174	38.174	38.174	38.174	38.174	38.17399999999999
236	38.174	38.174	38.174	38.174	38.174	38.174	38.174	38.174	38.174	38.174	38.17399999999999
237	38.174	38.174	38.174	38.174	38.174	38.174	38.174	38.174	38.174	38.174	38.17399999999999
238	38.174	38.174	38.174	38.174	38.174	38.174	38.174	38.174	38.174	38.174	38.17399999999999
239	38.174	38.174	38.174	38.174	38.174	38.174	38.174	38.174	38.174	38.174	38.17399999999999
240	38.174	38.174	38.174	38.174	38.174	38.174	38.174	38.174	38.174	38.174	38.17399999999999
241	38.174	38.174	38.174	38.174	38.174	38.174	38.174	38.174	38.174	38.174	38.17399999999999
242	38.174	38.174	38.174	38.174	38.174	38.174	38.174	38.174	38.174	38.174	38.17399999999999
243	38.174	38.174	38.174	38.174	38.174	38.174	38.174	38.174	38.174	38.174	38.17399999999999
244	38.174	38.174	38.174	38.174	38.174	38.174	38.174	38.174	38.174	38.174	38.17399999999999
245	38.174	38.174	38.174	38.174	38.174	38.174	38.174	38.174	38.174	38.174	38.17399999999999
246	38.174	38.174	38.174	38.174	38.174	38.174	38.174	38.174	38.174	38.174	38.17399999999999
247	38.174	38.174	38.174	38.174	38.174	38.174	38.174	38.174	38.174	38.174	38.17399999999999
248	38.174	38.174	38.174	38.174	38.174	38.174	38.174	38.174	38.174	38.174	38.17399999999999
249	38.174	38.174	38.174	38.174	38.174	38.174	38.174	38.174	38.174	38.174	38.17399999999999
250	38.174	38.174	38.174	38.174	38.174	38.174	38.174	38.174	38.174	38.174	38.17399999999999
251	38.174	38.174	38.174	38.174	38.174	38.174	38.174	38.174	38.174	38.174	38.17399999999999
252	38.174	38.174	38.174	38.174	38.174	38.174	38.174	38.174	38.174	38.174	38.17399999999999
253	38.174	38.174	38.174	38.174	38.174	38.174	38.174	38.174	38.174	38.174	38.17399999999999
254	38.174	38.174	38.174	38.174	38.174	38.174	38.174	38.174	38.174	38.174	38.17399999999999
255	38.174	38.174	38.174	38.174	38.174	38.174	38.174	38.174	38.174	38.174	38.17399999999999
256	38.174	38.174	38.174	38.174	38.174	38.174	38.174	38.174	38.174	38.174	38.17399999999999
257	38.174	38.174	38.174	38.174	38.174	38.174	38.174	38.174	38.174	38.174	38.17399999999999
258	38.174	38.174	38.174	38.174	38.174	38.174	38.174	38.174	38.174	38.174	38.17399999999999
259	38.174	38.174	38.174	38.174	38.174	38.174	38.174	38.174	38.174	38.174	38.17399999999999
260	38.174	38.174	38.174	38.174	38.174	38.174	38.174	38.174	38.174	38.174	38.17399999999999
261	38.174	38.174	38.174	38.174	38.174	38.174	38.174	38.174	38.174	38.174	38.17399999999999
262	38.174	38.174	38.174	38.174	38.174	38.174	38.174	38.174	38.174	38.174	38.17399999999999
263	38.174	38.174	38.174	38.174	38.174	38.174	38.174	38.174	38.174	38.174	38.17399999999999
264	38.174	38.174	38.174	38.174	38.174	38.174	38.174	38.174	38.174	38.174	38.17399999999999
265	38.174	38.174	38.174	38.174	38.174	38.174	38.174	38.174	38.174	38.174	38.17399999999999
266	38.174	38.174	38.174	38.174	38.174	38.174	38.174	38.174	38.174	38.174	38.17399999999999
267	38.174	38.174	38.174	38.174	38.174	38.174	38.174	38.174	38.174	38.174	38.17399999999999
268	38.174	38.174	38.174	38.174	38.174	38.174	38.174	38.174	38.174	38.174	38.17399999999999
269	38.174	38.174	38.174	38.174	38.174	38.174	38.174	38.174	38.174	38.174	38.17399999999999
270	38.174	38.174	38.174	38.174	38.174	38.174	38.174	38.174	38.174	38.174	38.17399999999999
271	38.174	38.174	38.174	38.174	38.174	38.174	38.174	38.174	38.174	38.174	38.17399999999999
272	38.174	38.174	38.174	38.174	38.174	38.174	38.174	38.174	38.174	38.174	38.17399999999999
273	9.92648	9.92648	9.92648	9.92648	9.92648	9.92648	9.92648	9.92648	9.92648	9.92648	9.92648
274	8.93883	8.93883	8.93883	8.93883	8.93883	8.93883	8.93883	8.93883	8.93883	8.93883	8.93883
275	8.93883	8.93883	8.93883	8.93883	8.93883	8.93883	8.93883	8.93883	8.93883	8.93883	8.93883
276	8.93883	8.93883	8.93883	8.93883	8.93883	8.93883	8.93883	8.93883	8.93883	8.93883	8.93883
277	8.93883	8.93883	8.93883	8.93883	8.93883	8.93883	8.93883	8.93883	8.93883	8.93883	8.93883
278	8.93883	8.93883	8.93883	8.93883	8.93883	8.93883	8.93883	8.93883	8.93883	8.93883	8.93883
279	8.93883	8.93883	8.93883	8.93883	8.93883	8.93883	8.93883	8.93883	8.93883	8.93883	8.93883
280	8.93883	8.93883	8.93883	8.93883	8.93883	8.93883	8.93883	8.93883	8.93883	8.93883	8.93883
281	8.93883	8.93883	8.93883	8.93883	8.93883	8.93883	8.93883	8.93883	8.93883	8.93883	8.93883
282	8.93883	8.93883	8.93883	8.93883	8.93883	8.93883	8.93883	8.93883	8.93883	8.93883	8.93883
283	8.93883	8.93883	8.93883	8.93883	8.93883	8.93883	8.93883	8.93883	8.93883	8.93883	8.93883
284	8.93883	8.93883	8.93883	8.93883	8.93883	8.93883	8.93883	8.93883	8.93883	8.93883	8.93883
285	8.93883	8.93883	8.93883	8.93883	8.93883	8.93883	8.93883	8.93883	8.93883	8.93883	8.93883
286	8.93883	8.93883	8.93883	8.93883	8.93883	8.93883	8.93883	8.93883	8.93883	8.93883	8.93883
287	8.93883	8.93883	8.93883	8.93883	8.93883	8.93883	8.93883	8.93883	8.93883	8.93883	8.93883
288	8.93883	8.93883	8.93883	8.93883	8.93883	8.93883	8.93883	8.93883	8.93883	8.93883	8.93883
289	8.93883	8.93883	8.93883	8.93883	8.93883	8.93883	8.93883	8.93883	8.93883	8.93883	8.93883
290	8.93883	8.93883	8.93883	8.93883	8.93883	8.93883	8.93883	8.93883	8.93883	8.93883	8.93883
291	8.93883	8.93883	8.93883	8.93883	8.93883	8.93883	8.93883	8.93883	8.93883	8.93883	8.93883
292	8.93883	8.93883	8.93883	8.93883	8.93883	8.93883	8.93883	8.93883	8.93883	8.93883	8.93883
293	8.93883	8.93883	8.93883	8.93883	8.93883	8.93883	8.93883	8.93883	8.93883	8.93883	8.93883
294	8.93883	8.93883	8.93883	8.93883	8.93883	8.93883	8.93883	8.93883	8.93883	8.93883	8.93883
295	8.93883	8.93883	8.93883	8.93883	8.93883	8.93883	8.93883	8.93883	8.93883	8.93883	8.93883
296	8.93883	8.93883	8.93883	8.93883	8.93883	8.93883	8.93883	8.93883	8.93883	8.93883	8.93883
297	8.93883	8.93883	8.93883	8.93883	8.93883	8.93883	8.93883	8.93883	8.93883	8.93883	8.93883
298	8.93883	8.93883	8.93883	8.93883	8.93883	8.93883	8.93883	8.93883	8.93883	8.93883	8.93883
299	8.93883	8.93883	8.93883	8.93883	8.93883	8.93883	8.93883	8.93883	8.93883	8.93883	8.93883
300	8.93883	8.93883	8.93883	8.93883	8.93883	8.93883	8.93883	8.93883	8.93883	8.93883	8.93883
301	8.93883	8.93883	8.93883	8.93883	8.93883	8.93883	8.93883	8.93883	8.93883	8.93883	8.93883
302	8.93883	8.93883	8.93883	8.93883	8.93883	8.93883	8.93883	8.93883	8.93883	8.93883	8.93883
303	8.93883	8.93883	8.93883	8.93883	8.93883	8.93883	8.93883	8.93883	8.93883	8.93883	8.93883
304	8.93883	8.93883	8.93883	8.93883	8.93883	8.93883	8.93883	8.93883	8.93883	8.93883	8.93883
305	8.93883	8.93883	8.93883	8.93883	8.93883	8.93883	8.93883	8.93883	8.93883	8.93883	8.93883
306	8.93883	8.93883	8.93883	8.93883	8.93883	8.93883	8.93883	8.93883	8.93883	8.93883	8.93883
307	8.93883	8.93883	8.93883	8.93883	8.93883	8.93883	8.93883	8.93883	8.93883	8.93883	8.93883
308	8.93883	8.93883	8.93883	8.93883	8.93883	8.93883	8.93883	8.93883	8.93883	8.93883	8.93883
309	8.93883	8.93883	8.93883	8.93883	8.93883	8.93883	8.93883	8.93883	8.93883	8.93883	8.93883
310	8.93883	8.93883	8.93883	8.93883	8.93883	8.93883	8.93883	8.93883	8.93883	8.93883	8.93883
311	8.93883	8.93883	8.93883	8.93883	8.93883	8.93883	8.93883	8.93883	8.93883	8.93883	8.93883
312	8.93883	8.93883	8.93883	8.93883	8.93883	8.93883	8.93883	8.93883	8.93883	8.93883	8.93883
313	8.93883	8.93883	8.93883	8.93883	8.93883	8.93883	8.93883	8.93883	8.93883	8.93883	8.93883
314	8.93883	8.93883	8.93883	8.93883	8.93883	8.93883	8.93883	8.93883	8.93883	8.93883	8.93883
315	8.93883	8.93883	8.93883	8.93883	8.93883	8.93883	8.93883	8.93883	8.93883	8.93883	8.93883
316	8.93883	8.93883	8.93883	8.93883	8.93883	8.93883	8.93883	8.93883	8.93883	8.93883	8.93883
317	8.93883	8.93883	8.93883	8.93883	8.93883	8.93883	8.93883	8.93883	8.93883	8.93883	8.93883
318	8.93883	8.93883	8.93883	8.93883	8.93883	8.93883	8.93883	8.93883	8.93883	8.93883	8.93883
319	8.93883	8.93883	8.93883	8.93883	8.93883	8.93883	8.93883	8.93883	8.93883	8.93883	8.93883
320	8.93883	8.93883	8.93883	8.93883	8.93883	8.93883	8.93883	8.93883	8.93883	8.93883	8.93883
321	8.93883	8.93883	8.93883	8.93883	8.93883	8.93883	8.93883	8.93883	8.93883	8.93883	8.93883
322	8.93883	8.93883	8.93883	8.93883	8.93883	8.93883	8.93883	8.93883	8.93883	8.93883	8.93883
323	8.93883	8.93883	8.93883	8.93883	8.93883	8.93883	8.93883	8.93883	8.93883	8.93883	8.93883
324	8.93883	8.93883	8.93883	8.93883	8.93883	8.93883	8.93883	8.93883	8.93883	8.93883	8.93883
325	8.93883	8.93883	8.93883	8.93883	8.93883	8.93883	8.93883	8.93883	8.93883	8.93883	8.93883
326	8.93883	8.93883	8.93883	8.93883	8.93883	8.93883	8.93883	8.93883	8.93883	8.93883	8.93883
327	8.93883	8.93883	8.93883	8.93883	8.93883	8.93883	8.93883	8.93883	8.93883	8.93883	8.93883
328	8.93883	8.93883	8.93883	8.93883	8.93883	8.93883	8.93883	8.93883	8.93883	8.93883	8.93883
329	8.93883	8.93883	8.93883	8.93883	8.93883	8.93883	8.93883	8.93883	8.93883	8.93883	8.93883
330	8.93883	8.93883	8.93883	8.93883	8.93883	8.93883	8.93883	8.93883	8.93883	8.93883	8.93883
331	8.93883	8.93883	8.93883	8.93883	8.93883	8.93883	8.93883	8.93883	8.93883	8.93883	8.93883
332	8.93883	8.93883	8.93883	8.93883	8.93883	8.93883	8.93883	8.93883	8.93883	8.93883	8.93883
333	8.93883	8.93883	8.93883	8.93883	8.93883	8.93883	8.93883	8.93883	8.93883	8.93883	8.93883
334	8.93883	8.93883	8.93883	8.93883	8.93883	8.93883	8.93883	8.93883	8.93883	8.93883	8.93883
335	8.93883	8.93883	8.93883	8.93883	8.93883	8.93883	8.93883	8.93883	8.93883	8.93883	8.93883
336	8.93883	8.93883	8.93883	8.93883	8.93883	8.93883	8.93883	8.93883	8.93883	8.93883	8.93883
337	8.93883	8.93883	8.93883	8.93883	8.93883	8.93883	8.93883	8.93883	8.93883	8.93883	8.93883
338	8.93883	8.93883	8.93883	8.93883	8.93883	8.93883	8.93883	8.93883	8.93883	8.93883	8.93883
339	8.93883	8.93883	8.93883	8.93883	8.93883	8.93883	8.93883	8.93883	8.93883	8.93883	8.93883
340	8.93883	8.93883	8.93883	8.93883	8.93883	8.93883	8.93883	8.93883	8.93883	8.93883	8.93883
341	8.93883	8.93883	8.93883	8.93883	8.93883	8.93883	8.93883	8.93883	8.93883	8.93883	8.93883
342	8.93883	8.93883	8.93883	8.93883	8.93883	8.93883	8.93883	8.93883	8.93883	8.93883	8.93883
343	8.93883	8.93883	8.93883	8.93883	8.93883	8.93883	8.93883	8.93883	8.93883	8.93883	8.93883
344	8.93883	8.93883	8.93883	8.93883	8.93883	8.93883	8.93883	8.93883	8.93883	8.93883	8.93883
345	8.93883	8.93883	8.93883	8.93883	8.93883	8.93883	8.93883	8.93883	8.93883	8.93883	8.93883
346	8.93883	8.93883	8.93883	8.93883	8.93883	8.93883	8.93883	8.93883	8.93883	8.93883	8.93883
347	8.93883	8.93883	8.93883	8.93883	8.93883	8.93883	8.93883	8.93883	8.93883	8.93883	8.93883
348	8.93883	8.93883	8.93883	8.93883	8.93883	8.93883	8.93883	8.93883	8.93883	8.93883	8.93883
349	8.93883	8.93883	8.93883	8.93883	8.93883	8.93883	8.93883	8.93883	8.93883	8.93883	8.93883
350	8.93883	8.93883	8.93883	8.93883	8.93883	8.93883	8.93883	8.93883	8.93883	8.93883	8.93883
351	8.93883	8.93883	8.93883	8.93883	8.93883	8.93883	8.93883	8.93883	8.93883	8.93883	8.93883
352	8.93883	8.93883	8.93883	8.93883	8.93883	8.93883	8.93883	8.93883	8.93883	8.93883	8.93883
353	8.93883	8.93883	8.93883	8.93883	8.93883	8.93883	8.93883	8.93883	8.93883	8.93883	8.93883
354	8.93883	8.93883	8.93883	8.93883	8.93883	8.93883	8.93883	8.93883	8.93883	8.93883	8.93883
355	8.93883	8.93883	8.93883	8.93883	8.93883	8.93883	8.93883	8.93883	8.93883	8.93883	8.93883
356	8.93883	8.93883	8.93883	8.93883	8.93883	8.93883	8.93883	8.93883	8.93883	8.93883	8.93883
357	8.93883	8.93883	8.93883	8.93883	8.93883	8.93883	8.93883	8.93883	8.93883	8.93883	8.93883
358	8.93883	8.93883	8.93883	8.93883	8.93883	8.93883	8.93883	8.93883	8.93883	8.93883	8.93883
359	8.93883	8.93883	8.93883	8.93883	8.93883	8.93883	8.93883	8.93883	8.93883	8.93883	8.93883
360	8.93883	8.93883	8.93883	8.93883	8.93883	8.93883	8.93883	8.93883	8.93883	8.93883	8.93883
361	8.93883	8.93883	8.93883	8.93883	8.93883	8.93883	8.93883	8.93883	8.93883	8.93883	8.93883
362	8.93883	8.93883	8.93883	8.93883	8.93883	8.93883	8.93883	8.93883	8.93883	8.93883	8.93883
363	8.93883	8.93883	8.93883	8.93883	8.93883	8.93883	8.93883	8.93883	8.93883	8.93883	8.93883
364	8.93883	8.93883	8.93883	8.93883	8.93883	8.93883	8.93883	8.93883	8.93883	8.93883	8.93883
365	8.93883	8.93883	8.93883	8.93883	8.93883	8.93883	8.93883	8.93883	8.93883	8.93883	8.93883
366	8.93883	8.93883	8.93883	8.93883	8.93883	8.93883	8.93883	8.93883	8.93883	8.93883	8.93883
367	8.93883	8.93883	8.93883	8.93883	8.93883	8.93883	8.93883	8.93883	8.93883	8.93883	8.93883
368	8.93883	8.93883	8.93883	8.93883	8.93883	8.93883	8.93883	8.93883	8.93883	8.93883	8.93883
369	8.93883	8.93883	8.93883	8.93883	8.93883	8.93883	8.93883	8.93883	8.93883	8.93883	8.93883
370	8.93883	8.93883	8.93883	8.93883	8.93883	8.93883	8.93883	8.93883	8.93883	8.93883	8.93883
371	8.93883	8.93883	8.93883	8.93883	8.93883	8.93883	8.93883	8.93883	8.93883	8.93883	8.93883
372	8.93883	8.93883	8.93883	8.93883	8.93883	8.93883	8.93883	8.93883	8.93883	8.93883	8.93883
373	8.93883	8.93883	8.93883	8.93883	8.93883	8.93883	8.93883	8.93883	8.93883	8.93883	8.93883
374	8.93883	8.93883	8.93883	8.93883	8.93883	8.93883	8.93883	8.93883	8.93883	8.93883	8.93883
375	8.93883	8.93883	8.93883	8.93883	8.93883	8.93883	8.93883	8.93883	8.93883	8.93883	8.93883
376	8.93883	8.93883	8.93883	8.93883	8.93883	8.93883	8.93883	8.93883	8.93883	8.93883	8.93883
377	8.93883	8.93883	8.93883	8.93883	8.93883	8.93883	8.93883	8.93883	8.93883	8.93883	8.93883
378	8.93883	8.93883	8.93883	8.93883	8.93883	8.93883	8.93883	8.93883	8.93883	8.93883	8.93883
379	8.93883	8.93883	8.93883	8.93883	8.93883	8.93883	8.93883	8.93883	8.93883	8.93883	8.93883
380	8.93883	8.93883	8.93883	8.93883	8.93883	8.93883	8.93883	8.93883	8.93883	8.93883	8.93883
381	8.93883	8.93883	8.93883	8.93883	8.93883	8.93883	8.93883	8.93883	8.93883	8.93883	8.93883
382	8.93883	8.93883	8.93883	8.93883	8.93883	8.93883	8.93883	8.93883	8.93883	8.93883	8.93883
383	8.93883	8.93883	8.93883	8.93883	8.93883	8.93883	8.93883	8.93883	8.93883	8.93883	8.93883
384	8.93883	8.93883	8.93883	8.93883	8.93883	8.93883	8.93883	8.93883	8.93883	8.93883	8.93883
385	8.93883	8.93883	8.93883	8.93883	8.93883	8.93883	8.93883	8.93883	8.93883	8.93883	8.93883
386	8.93883	8.93883	8.93883	8.93883	8.93883	8.93883	8.93883	8.93883	8.93883	8.93883	8.93883
387	8.93883	8.93883	8.93883	8.93883	8.93883	8.93883	8.93883	8.93883	8.93883	8.93883	8.93883
388	8.93883	8.93883	8.93883	8.93883	8.93883	8.93883	8.93883	8.93883	8.93883	8.93883	8.93883
389	8.93883	8.93883	8.93883	8.93883	8.93883	8.93883	8.93883	8.93883	8.93883	8.93883	8.93883
390	8.93883	8.93883	8.93883	8.93883	8.93883	8.93883	8.93883	8.93883	8.93883	8.93883	8.93883
391	8.93883	8.93883	8.93883	8.93883	8.93883	8.93883	8.93883	8.93883	8.93883	8.93883	8.93883
392	8.93883	8.93883	8.93883	8.93883	8.93883	8.93883	8.93883	8.93883	8.93883	8.93883	8.93883
393	8.93883	8.93883	8.93883	8.93883	8.93883	8.93883	8.93883	8.93883	8.93883	8.93883	8.93883
394	8.93883	8.93883	8.93883	8.93883	8.93883	8.93883	8.93883	8.93883	8.93883	8.93883	8.93883
395	8.93883	8.93883	8.93883	8.93883	8.93883	8.93883	8.93883	8.93883	8.93883	8.93883	8.93883
396	8.93883	8.93883	8.93883	8.93883	8.93883	8.93883	8.93883	8.93883	8.93883	8.93883	8.93883
397	8.93883	8.93883	8.93883	8.93883	8.93883	8.93883	8.93883	8.93883	8.93883	8.93883	8.93883
398	8.93883	8.93883	8.93883	8.93883	8.93883	8.93883	8.93883	8.93883	8.93883	8.93883	8.93883
399	8.93883	8.93883	8.93883	8.93883	8.93883	8.93883	8.93883	8.93883	8.93883	8.93883	8.93883
400	8.93883	8.93883	8.93883	8.93883	8.93883	8.93883	8.93883	8.93883	8.93883	8.93883	8.93883
401	8.93883	8.93883	8.93883	8.93883	8.93883	8.93883	8.93883	8.93883	8.93883	8.93883	8.93883
402	8.93883	8.93883	8.93883	8.93883	8.93883	8.93883	8.93883	8.93883	8.93883	8.93883	8.93883
403	8.93883	8.93883	8.93883	8.93883	8.93883	8.93883	8.93883	8.93883	8.93883	8.93883	8.93883
404	8.93883	8.93883	8.93883	8.93883	8.93883	8.93883	8.93883	8.93883	8.93883	8.93883	8.93883
405	8.93883	8.93883	8.93883	8.93883	8.93883	8.93883	8.93883	8.93883	8.93883	8.93883	8.93883
406	8.93883	8.93883	8.93883	8.93883	8.93883	8.93883	8.93883	8.93883	8.93883	8.93883	8.93883
407	8.93883	8.93883	8.93883	8.93883	8.93883	8.93883	8.93883	8.93883	8.93883	8.93883	8.93883
408	8.93883	8.93883	8.93883	8.93883	8.93883	8.93883	8.93883	8.93883	8.93883	8.93883	8.93883
409	8.93883	8.93883	8.93883	8.93883	8.93883	8.93883	8.93883	8.93883	8.93883	8.93883	8.93883
410	8.93883	8.93883	8.93883	8.93883	8.93883	8.93883	8.93883	8.93883	8.93883	8.93883	8.93883
411	8.93883	8.93883	8.93883	8.93883	8.93883	8.93883	8.93883	8.93883	8.93883	8.93883	8.93883
412	8.93883	8.93883	8.93883	8.93883	8.93883	8.93883	8.93883	8.93883	8.93883	8.93883	8.93883
413	8.93883	8.93883	8.93883	8.93883	8.93883	8.93883	8.93883	8.93883	8.93883	8.93883	8.93883
414	8.93883	8.93883	8.93883	8.93883	8.93883	8.93883	8.93883	8.93883	8.93883	8.93883	8.93883
415	8.93883	8.93883	8.93883	8.93883	8.93883	8.93883	8.93883	8.93883	8.93883	8.93883	8.93883
416	8.93883	8.93883	8.93883	8.93883	8.93883	8.93883	8.93883	8.93883	8.93883	8.93883	8.93883
417	8.93883	8.93883	8.93883	8.93883	8.93883	8.93883	8.93883	8.93883	8.93883	8.93883	8.93883
418	8.93883	8.93883	8.93883	8.93883	8.93883	8.93883	8.93883	8.93883	8.93883	8.93883	8.93883
419	8.93883	8.93883	8.93883	8.93883	8.93883	8.93883	8.93883	8.93883	8.93883	8.93883	8.93883
420	8.93883	8.93883	8.93883	8.93883	8.93883	8.93883	8.93883	8.93883	8.93883	8.93883	8.93883
421	8.93883	8.93883	8.93883	8.93883	8.93883	8.93883	8.93883	8.93883	8.93883	8.93883	8.93883
422	8.93883	8.93883	8.93883	8.93883	8.93883	8.93883	8.93883	8.93883	8.93883	8.93883	8.93883
423	8.93883	8.93883	8.93883	8.93883	8.93883	8.93883	8.93883	8.93883	8.93883	8.93883	8.93883
424	8.93883	8.93883	8.93883	8.93883	8.93883	8.93883	8.93883	8.93883	8.93883	8.93883	8.93883
425	8.93883	8.93883	8.93883	8.93883	8.93883	8.93883	8.93883	8.93883	8.93883	8.93883	8.93883
426	8.93883	8.93883	8.93883	8.93883	8.93883	8.93883	8.93883	8.93883	8.93883	8.93883	8.93883
427	8.93883	8.93883	8.93883	8.93883	8.93883	8.93883	8.93883	8.93883	8.93883	8.93883	8.93883
428	8.93883	8.93883	8.93883	8.93883	8.93883	8.93883	8.93883	8.93883	8.93883	8.93883	8.93883
429	8.93883	8.93883	8.93883	8.93883	8.93883	8.93883	8.93883	8.93883	8.93883	8.93883	8.93883
430	8.93883	8.93883	8.93883	8.93883	8.93883	8.93883	8.93883	8.93883	8.93883	8.93883	8.93883
431	8.93883	8.93883	8.93883	8.93883	8.93883	8.93883	8.93883	8.93883	8.93883	8.93883	8.93883
432	8.93883	8.93883	8.93883	8.93883	8.93883	8.93883	8.93883	8.93883	8.93883	8.93883	8.93883
433	8.93883	8.93883	8.93883	8.93883	8.93883	8.93883	8.93883	8.93883	8.93883	8.93883	8.93883
434	8.93883	8.93883	8.93883	8.93883	8.93883	8.93883	8.93883	8.93883	8.93883	8.93883	8.93883
435	8.93883	8.93883	8.93883	8.93883	8.93883	8.93883	8.93883	8.93883	8.93883	8.93883	8.93883
436	8.93883	8.93883	8.93883	8.93883	8.93883	8.93883	8.93883	8.93883	8.93883	8.93883	8.93883
437	8.93883	8.93883	8.93883	8.93883	8.93883	8.93883	8.93883	8.93883	8.93883	8.93883	8.93883
438	8.93883	8.93883	8.93883	8.93883	8.93883	8.93883	8.93883	8.93883	8.93883	8.93883	8.93883
439	8.93883	8.93883	8.93883	8.93883	8.93883	8.93883	8.93883	8.93883	8.93883	8.93883	8.93883
440	8.93883	8.93883	8.93883	8.93883	8.93883	8.93883	8.93883	8.93883	8.93883	8.93883	8.93883
441	8.93883	8.93883	8.93883	8.93883	8.93883	8.93883	8.93883	8.93883	8.93883	8.93883	8.93883
442	8.93883	8.93883	8.93883	8.93883	8.93883	8.93883	8.93883	8.93883	8.93883	8.93883	8.93883
443	8.93883	8.93883	8.93883	8.93883	8.93883	8.93883	8.93883	8.93883	8.93883	8.93883	8.93883
444	8.93883	8.93883	8.93883	8.93883	8.93883	8.93883	8.93883	8.93883	8.93883	8.93883	8.93883
445	8.93883	8.93883	8.93883	8.93883	8.93883	8.93883	8.93883	8.93883	8.93883	8.93883	8.93883
446	8.93883	8.93883	8.93883	8.93883	8.93883	8.93883	8.93883	8.93883	8.93883	8.93883	8.93883
447	8.93883	8.93883	8.93883	8.93883	8.93883	8.93883	8.93883	8.93883	8.93883	8.93883	8.93883
448	8.93883	8.93883	8.93883	8.93883	8.93883	8.93883	8.93883	8.93883	8.93883	8.93883	8.93883
449	8.93883	8.93883	8.93883	8.93883	8.93883	8.93883	8.93883	8.93883	8.93883	8.93883	8.93883
450	8.93883	8.93883	8.93883	8.93883	8.93883	8.93883	8.93883	8.93883	8.93883	8.93883	8.93883
451	8.93883	8.93883	8.93883	8.93883	8.93883	8.93883	8.93883	8.93883	8.93883	8.93883	8.93883
452	8.93883	8.93883	8.93883	8.93883	8.93883	8.93883	8.93883	8.93883	8.93883	8.93883	8.93883
453	8.93883	8.93883	8.93883	8.93883	8.93883	8.93883	8.93883	8.93883	8.93883	8.93883	8.93883
454	8.93883	8.93883	8.93883	8.93883	8.93883	8.93883	8.93883	8.93883	8.93883	8.93883	8.93883
455	8.93883	8.93883	8.93883	8.93883	8.93883	8.93883	8.93883	8.93883	8.93883	8.93883	8.93883
456	8.93883	8.93883	8.93883	8.93883	8.93883	8.93883	8.93883	8.93883	8.93883	8.93883	8.93883
457	8.93883	8.93883	8.93883	8.93883	8.93883	8.93883	8.93883	8.93883	8.93883	8.93883	8.93883
458	8.93883	8.93883	8.93883	8.93883	8.93883	8.93883	8.93883	8.93883	8.93883	8.93883	8.93883
459	8.93883	8.93883	8.93883	8.93883	8.93883	8.93883	8.93883	8.93883	8.93883	8.93883	8.93883
460	8.93883	8.93883	8.93883	8.93883	8.93883	8.93883	8.93883	8.93883	8.93883	8.93883	8.93883
461	8.93883	8.93883	8.93883	8.93883	8.93883	8.93883	8.93883	8.93883	8.93883	8.93883	8.93883
462	8.93883	8.93883	8.93883	8.93883	8.93883	8.93883	8.93883	8.93883	8.93883	8.93883	8.93883
463	8.93883	8.93883	8.93883	8.93883	8.93883	8.93883	8.93883	8.93883	8.93883	8.93883	8.93883
464	8.93883	8.93883	8.93883	8.93883	8.93883	8.93883	8.93883	8.93883	8.93883	8.93883	8.93883
465	8.93883	8.93883	8.93883	8.93883	8.93883	8.93883	8.93883	8.93883	8.93883	8.93883	8.93883
466	8.93883	8.93883	8.93883	8.93883	8.93883	8.93883	8.93883	8.93883	8.93883	8.93883	8.93883
467	8.93883	8.93883	8.93883	8.93883	8.93883	8.93883	8.93883	8.93883	8.93883	8.93883	8.93883
468	8.93883	8.93883	8.93883	8.93883	8.93883	8.93883	8.93883	8.93883	8.93883	8.93883	8.93883
469	8.93883	8.93883	8.93883	8.93883	8.93883	8.93883	8.93883	8.93883	8.93883	8.93883	8.93883
470	8.93883	8.93883	8.93883	8.93883	8.93883	8.93883	8.93883	8.93883	8.93883	8.93883	8.93883
471	8.93883	8.93883	8.93883	8.93883	8.93883	8.93883	8.93883	8.93883	8.93883	8.93883	8.93883
472	8.93883	8.93883	8.93883	8.93883	8.93883	8.93883	8.93883	8.93883	8.93883	8.93883	8.93883
473	8.93883	8.93883	8.93883	8.93883	8.93883	8.93883	8.93883	8.93883	8.93883	8.93883	8.93883
474	8.93883	8.93883	8.93883	8.93883	8.93883	8.93883	8.93883	8.93883	8.93883	8.93883	8.93883
475	8.93883	8.93883	8.93883	8.93883	8.93883	8.93883	8.93883	8.93883	8.93883	8.93883	8.93883
476	8.93883	8.93883	8.93883	8.93883	8.93883	8.93883	8.93883	8.93883	8.93883	8.93883	8.93883
477	8.93883	8.93883	8.93883	8.93883	8.93883	8.93883	8.93883	8.93883	8.93883	8.93883	8.93883
478	8.93883	8.93883	8.93883	8.93883	8.93883	8.93883	8.93883	8.93883	8.93883	8.93883	8.93883
479	8.93883	8.93883	8.93883	8.93883	8.93883	8.93883	8.93883	8.93883	8.93883	8.93883	8.93883
480	8.93883	8.93883	8.93883	8.93883	8.93883	8.93883	8.93883	8.93883	8.93883	8.93883	8.93883
481	8.93883	8.93883	8.93883	8.93883	8.93883	8.93883	8.93883	8.93883	8.93883	8.93883	8.93883
482	8.93883	8.93883	8.93883	8.93883	8.93883	8.93883	8.93883	8.93883	8.93883	8.93883	8.93883
483	8.93883	8.93883	8.93883	8.93883	8.93883	8.93883	8.93883	8.93883	8.93883	8.93883	8.93883
484	8.93883	8.93883	8.93883	8.93883	8.93883	8.93883	8.93883	8.93883	8.93883	8.93883	8.93883
485	8.93883	8.93883	8.93883	8.93883	8.93883	8.93883	8.93883	8.93883	8.93883	8.93883	8.93883
486	8.93883	8.93883	8.93883	8.93883	8.93883	8.93883	8.93883	8.93883	8.93883	8.93883	8.93883
487	8.93883	8.93883	8.93883	8.93883	8.93883	8.93883	8.93883	8.93883	8.93883	8.93883	8.93883
488	8.93883	8.93883	8.93883	8.93883	8.93883	8.93883	8.93883	8.93883	8.93883	8.93883	8.93883
489	8.93883	8.93883	8.93883	8.93883	8.93883	8.93883	8.93883	8.93883	8.93883	8.93883	8.93883
490	8.93883	8.93883	8.93883	8.93883	8.93883	8.93883	8.93883	8.93883	8.93883	8.93883	8.93883
491	8.93883	8.93883	8.93883	8.93883	8.93883	8.93883	8.93883	8.93883	8.93883	8.93883	8.93883
492	8.93883	8.93883	8.93883	8.93883	8.93883	8.93883	8.93883	8.93883	8.93883	8.93883	8.93883
493	8.93883	8.93883	8.93883	8.93883	8.93883	8.93883	8.93883	8.93883	8.93883	8.93883	8.93883
494	8.93883	8.93883	8.93883	8.93883	8.93883	8.93883	8.93883	8.93883	8.93883	8.93883	8.93883
495	8.93883	8.93883	8.93883	8.93883	8.93883	8.93883	8.93883	8.93883	8.93883	8.93883	8.93883
496	8.93883	8.93883	8.93883	8.93883	8.93883	8.93883	8.93883	8.93883	8.93883	8.93883	8.93883
497	8.93883	8.93883	8.93883	8.93883	8.93883	8.93883	8.93883	8.93883	8.93883	8.93883	8.93883
498	8.93883	8.93883	8.93883	8.93883	8.93883	8.93883	8.93883	8.93883	8.93883	8.93883	8.93883
499	8.93883	8.93883	8.93883	8.93883	8.93883	8.93883	8.93883	8.93883	8.93883	8.93883	8.93883
500	8.93883	8.93883	8.93883	8.93883	8.93883	8.93883	8.93883	8.93883	8.93883	8.93883	8.93883
501	8.93883	8.93883	8.93883	8.93883	8.93883	8.93883	8.93883	8.93883	8.93883	8.93883	8.93883
502	8.93883	8.93883	8.93883	8.93883	8.93883	8.93883	8.93883	8.93883	8.93883	8.93883	8.93883
503	8.93883	8.93883	8.93883	8.93883	8.93883	8.93883	8.93883	8.93883	8.93883	8.93883	8.93883
504	8.93883	8.93883	8.93883	8.93883	8.93883	8.93883	8.93883	8.93883	8.93883	8.93883	8.93883
505	8.7713	8.7713	8.7713	8.7713	8.7713	8.7713	8.7713	8.7713	8.7713	8.7713	8.7713
506	8.7713	8.7713	8.7713	8.7713	8.7713	8.7713	8.7713	8.7713	8.7713	8.7713	8.7713
507	8.7713	8.7713	8.7713	8.7713	8.7713	8.7713	8.7713	8.7713	8.7713	8.7713	8.7713
508	8.7713	8.7713	8.7713	8.7713	8.7713	8.7713	8.7713	8.7713	8.7713	8.7713	8.7713
509	8.7713	8.7713	8.7713	8.7713	8.7713	8.7713	8.7713	8.7713	8.7713	8.7713	8.7713
510	8.7713	8.7713	8.7713	8.7713	8.7713	8.7713	8.7713	8.7713	8.7713	8.7713	8.7713
511	8.7713	8.7713	8.7713	8.7713	8.7713	8.7713	8.7713	8.7713	8.7713	8.7713	8.7713
512	8.7713	8.7713	8.7713	8.7713	8.7713	8.7713	8.7713	8.7713	8.7713	8.7713	8.7713
513	8.7713	8.7713	8.7713	8.7713	8.7713	8.7713	8.7713	8.7713	8.7713	8.7713	8.7713
514	8.7713	8.7713	8.7713	8.7713	8.7713	8.7713	8.7713	8.7713	8.7713	8.7713	8.7713
515	8.7713	8.7713	8.7713	8.7713	8.7713	8.7713	8.7713	8.7713	8.7713	8.7713	8.7713
516	8.7713	8.7713	8.7713	8.7713	8.7713	8.7713	8.7713	8.7713	8.7713	8.7713	8.7713
517	8.7713	8.7713	8.7713	8.7713	8.7713	8.7713	8.7713	8.7713	8.7713	8.7713	8.7713
518	8.7713	8.7713	8.7713	8.7713	8.7713	8.7713	8.7713	8.7713	8.7713	8.7713	8.7713
519	8.7713	8.7713	8.7713	8.7713	8.7713	8.7713	8.7713	8.7713	8.7713	8.7713	8.7713
520	8.7713	8.7713	8.7713	8.7713	8.7713	8.7713	8.7713	8.7713	8.7713	8.7713	8.7713
521	8.7713	8.7713	8.7713	8.7713	8.7713	8.7713	8.7713	8.7713	8.7713	8.7713	8.7713
522	8.7713	8.7713	8.7713	8.7713	8.7713	8.7713	8.7713	8.7713	8.7713	8.7713	8.7713
523	8.7713	8.7713	8.7713	8.7713	8.7713	8.7713	8.7713	8.7713	8.7713	8.7713	8.7713
524	8.7713	8.7713	8.7713	8.7713	8.7713	8.7713	8.7713	8.7713	8.7713	8.7713	8.7713
525	8.7713	8.7713	8.7713	8.7713	8.7713	8.7713	8.7713	8.7713	8.7713	8.7713	8.7713
526	8.7713	8.7713	8.7713	8.7713	8.7713	8.7713	8.7713	8.7713	8.7713	8.7713	8.7713
527	8.7713	8.7713	8.7713	8.7713	8.7713	8.7713	8.7713	8.7713	8.7713	8.7713	8.7713
528	8.7713	8.7713	8.7713	8.7713	8.7713	8.7713	8.7713	8.7713	8.7713	8.7713	8.7713
529	8.7713	8.7713	8.7713	8.7713	8.7713	8.7713	8.7713	8.7713	8.7713	8.7713	8.7713
530	8.7713	8.7713	8.7713	8.7713	8.7713	8.7713	8.7713	8.7713	8.7713	8.7713	8.7713
531	8.7713	8.7713	8.7713	8.7713	8.7713	8.7713	8.7713	8.7713	8.7713	8.7713	8.7713
532	8.7713	8.7713	8.7713	8.7713	8.7713	8.7713	8.7713	8.7713	8.7713	8.7713	8.7713
533	8.7713	8.7713	8.7713	8.7713	8.7713	8.7713	8.7713	8.7713	8.7713	8.7713	8.7713
534	8.7713	8.7713	8.7713	8.7713	8.7713	8.7713	8.7713	8.7713	8.7713	8.7713	8.7713
535	8.7713	8.7713	8.7713	8.7713	8.7713	8.7713	8.7713	8.7713	8.7713	8.7713	8.7713
536	8.7713	8.7713	8.7713	8.7713	8.7713	8.7713	8.7713	8.7713	8.7713	8.7713	8.7713
537	8.7713	8.7713	8.7713	8.7713	8.7713	8.7713	8.7713	8.7713	8.7713	8.7713	8.7713
538	8.7713	8.7713	8.7713	8.7713	8.7713	8.7713	8.7713	8.7713	8.7713	8.7713	8.7713
539	8.7713	8.7713	8.7713	8.7713	8.7713	8.7713	8.7713	8.7713	8.7713	8.7713	8.7713
540	8.7713	8.7713	8.7713	8.7713	8.7713	8.7713	8.7713	8.7713	8.7713	8.7713	8.7713
541	8.7713	8.7713	8.7713	8.7713	8.7713	8.7713	8.7713	8.7713	8.7713	8.7713	8.7713
542	8.7713	8.7713	8.7713	8.7713	8.7713	8.7713	8.7713	8.7713	8.7713	8.7713	8.7713
543	8.7713	8.7713	8.7713	8.7713	8.7713	8.7713	8.7713	8.7713	8.7713	8.7713	8.7713
544	8.7713	8.7713	8.7713	8.7713	8.7713	8.7713	8.7713	8.7713	8.7713	8.7713	8.7713
545	8.7713	8.7713	8.7713	8.7713	8.7713	8.7713	8.7713	8.7713	8.7713	8.7713	8.7713
546	8.7713	8.7713	8.7713	8.7713	8.7713	8.7713	8.7713	8.7713	8.7713	8.7713	8.7713
547	8.7713	8.7713	8.7713	8.7713	8.7713	8.7713	8.7713	8.7713	8.7713	8.7713	8.7713
548	8.7713	8.7713	8.7713	8.7713	8.7713	8.7713	8.7713	8.7713	8.7713	8.7713	8.7713
549	8.7713	8.7713	8.7713	8.7713	8.7713	8.7713	8.7713	8.7713	8.7713	8.7713	8.7713
550	8.7713	8.7713	8.7713	8.7713	8.7713	8.7713	8.7713	8.7713	8.7713	8.7713	8.7713
551	8.7713	8.7713	8.7713	8.7713	8.7713	8.7713	8.7713	8.7713	8.7713	8.7713	8.7713
552	8.7713	8.7713	8.7713	8.7713	8.7713	8.7713	8.7713	8.7713	8.7713	8.7713	8.7713
553	8.7713	8.7713	8.7713	8.7713	8.7713	8.7713	8.7713	8.7713	8.7713	8.7713	8.7713
554	8.7713	8.7713	8.7713	8.7713	8.7713	8.7713	8.7713	8.7713	8.7713	8.7713	8.7713
555	8.7713	8.7713	8.7713	8.7713	8.7713	8.7713	8.7713	8.7713	8.7713	8.7713	8.7713
556	8.7713	8.7713	8.7713	8.7713	8.7713	8.7713	8.7713	8.7713	8.7713	8.7713	8.7713
557	8.7713	8.7713	8.7713	8.7713	8.7713	8.7713	8.7713	8.7713	8.7713	8.7713	8.7713
558	8.7713	8.7713	8.7713	8.7713	8.7713	8.7713	8.7713	8.7713	8.7713	8.7713	8.7713
559	8.7713	8.7713	8.7713	8.7713	8.7713	8.7713	8.7713	8.7713	8.7713	8.7713	8.7713
560	8.7713	8.7713	8.7713	8.7713	8.7713	8.7713	8.7713	8.7713	8.7713	8.7713	8.7713
561	8.7713	8.7713	8.7713	8.7713	8.7713	8.7713	8.7713	8.7713	8.7713	8.7713	8.7713
562	8.7713	8.7713	8.7713	8.7713	8.7713	8.7713	8.7713	8.7713	8.7713	8.7713	8.7713
563	8.7713	8.7713	8.7713	8.7713	8.7713	8.7713	8.7713	8.7713	8.7713	8.7713	8.7713
564	8.7713	8.7713	8.7713	8.7713	8.7713	8.7713	8.7713	8.7713	8.7713	8.7713	8.7713
565	8.7713	8.7713	8.7713	8.7713	8.7713	8.7713	8.7713	8.7713	8.7713	8.7713	8.7713
566	8.7713	8.7713	8.7713	8.7713	8.7713	8.7713	8.7713	8.7713	8.7713	8.7713	8.7713
567	8.7713	8.7713	8.7713	8.7713	8.7713	8.7713	8.7713	8.7713	8.7713	8.7713	8.7713
568	8.7713	8.7713	8.7713	8.7713	8.7713	8.7713	8.7713	8.7713	8.7713	8.7713	8.7713
569	8.7713	8.7713	8.7713	8.7713	8.7713	8.7713	8.7713	8.7713	8.7713	8.7713	8.7713
570	8.7713	8.7713	8.7713	8.7713	8.7713	8.7713	8.7713	8.7713	8.7713	8.7713	8.7713
571	8.7713	8.7713	8.7713	8.7713	8.7713	8.7713	8.7713	8.7713	8.7713	8.7713	8.7713
572	8.7713	8.7713	8.7713	8.7713	8.7713	8.7713	8.7713	8.7713	8.7713	8.7713	8.7713
573	8.7713	8.7713	8.7713	8.7713	8.7713	8.7713	8.7713	8.7713	8.7713	8.7713	8.7713
574	8.7713	8.7713	8.7713	8.7713	8.7713	8.7713	8.7713	8.7713	8.7713	8.7713	8.7713
575	8.7713	8.7713	8.7713	8.7713	8.7713	8.7713	8.7713	8.7713	8.7713	8.7713	8.7713
576	8.7713	8.7713	8.7713	8.7713	8.7713	8.7713	8.7713	8.7713	8.7713	8.7713	8.7713
577	8.7713	8.7713	8.7713	8.7713	8.7713	8.7713	8.7713	8.7713	8.7713	8.7713	8.7713
578	8.7713	8.7713	8.7713	8.7713	8.7713	8.7713	8.7713	8.7713	8.7713	8.7713	8.7713
579	8.7713	8.7713	8.7713	8.7713	8.7713	8.7713	8.7713	8.7713	8.7713	8.7713	8.7713
580	8.7713	8.7713	8.7713	8.7713	8.7713	8.7713	8.7713	8.7713	8.7713	8.7713	8.7713
581	8.7713	8.7713	8.7713	8.7713	8.7713	8.7713	8.7713	8.7713	8.7713	8.7713	8.7713
582	8.7713	8.7713	8.7713	8.7713	8.7713	8.7713	8.7713	8.7713	8.7713	8.7713	8.7713
583	8.7713	8.7713	8.7713	8.7713	8.7713	8.7713	8.7713	8.7713	8.7713	8.7713	8.7713
584	8.7713	8.7713	8.7713	8.7713	8.7713	8.7713	8.7713	8.7713	8.7713	8.7713	8.7713
585	8.7713	8.7713	8.7713	8.7713	8.7713	8.7713	8.7713	8.7713	8.7713	8.7713	8.7713
586	8.7713	8.7713	8.7713	8.7713	8.7713	8.7713	8.7713	8.7713	8.7713	8.7713	8.7713
587	8.7713	8.7713	8.7713	8.7713	8.7713	8.7713	8.7713	8.7713	8.7713	8.7713	8.7713
588	8.7713	8.7713	8.7713	8.7713	8.7713	8.7713	8.7713	8.7713	8.7713	8.7713	8.7713
589	8.7713	8.7713	8.7713	8.7713	8.7713	8.7713	8.7713	8.7713	8.7713	8.7713	8.7713
590	8.7713	8.7713	8.7713	8.7713	8.7713	8.7713	8.7713	8.7713	8.7713	8.7713	8.7713
591	8.7713	8.7713	8.7713	8.7713	8.7713	8.7713	8.7713	8.7713	8.7713	8.7713	8.7713
592	8.7713	8.7713	8.7713	8.7713	8.7713	8.7713	8.7713	8.7713	8.7713	8.7713	8.7713
593	8.7713	8.7713	8.7713	8.7713	8.7713	8.7713	8.7713	8.7713	8.7713	8.7713	8.7713
594	8.7713	8.7713	8.7713	8.7713	8.7713	8.7713	8.7713	8.7713	8.7713	8.7713	8.7713
595	8.7713	8.7713	8.7713	8.7713	8.7713	8.7713	8.7713	8.7713	8.7713	8.7713	8.7713
596	8.7713	8.7713	8.7713	8.7713	8.7713	8.7713	8.7713	8.7713	8.7713	8.7713	8.7713
597	8.7713	8.7713	8.7713	8.7713	8.7713	8.7713	8.7713	8.7713	8.7713	8.7713	8.7713
598	8.7713	8.7713	8.7713	8.7713	8.7713	8.7713	8.7713	8.7713	8.7713	8.7713	8.7713
599	8.7713	8.7713	8.7713	8.7713	8.7713	8.7713	8.7713	8.7713	8.7713	8.7713	8.7713
600	8.7713	8.7713	8.7713	8.7713	8.7713	8.7713	8.7713	8.7713	8.7713	8.7713	8.7713
601	8.7713	8.7713	8.7713	8.7713	8.7713	8.7713	8.7713	8.7713	8.7713	8.7713	8.7713
602	8.7713	8.7713	8.7713	8.7713	8.7713	8.7713	8.7713	8.7713	8.7713	8.7713	8.7713
603	8.7713	8.7713	8.7713	8.7713	8.7713	8.7713	8.7713	8.7713	8.7713	8.7713	8.7713
604	8.7713	8.7713	8.7713	8.7713	8.7713	8.7713	8.7713	8.7713	8.7713	8.7713	8.7713
605	8.7713	8.7713	8.7713	8.7713	8.7713	8.7713	8.7713	8.7713	8.7713	8.7713	8.7713
606	8.7713	8.7713	8.7713	8.7713	8.7713	8.7713	8.7713	8.7713	8.7713	8.7713	8.7713
607	8.7713	8.7713	8.7713	8.7713	8.7713	8.7713	8.7713	8.7713	8.7713	8.7713	8.7713
608	8.7713	8.7713	8.7713	8.7713	8.7713	8.7713	8.7713	8.7713	8.7713	8.7713	8.7713
609	8.7713	8.7713	8.7713	8.7713	8.7713	8.7713	8.7713	8.7713	8.7713	8.7713	8.7713
610	8.7713	8.7713	8.7713	8.7713	8.7713	8.7713	8.7713	8.7713	8.7713	8.7713	8.7713
611	8.7713	8.7713	8.7713	8.7713	8.7713	8.7713	8.7713	8.7713	8.7713	8.7713	8.7713
612	8.7713	8.7713	8.7713	8.7713	8.7713	8.7713	8.7713	8.7713	8.7713	8.7713	8.7713
613	8.7713	8.7713	8.7713	8.7713	8.7713	8.7713	8.7713	8.7713	8.7713	8.7713	8.7713
614	8.7713	8.7713	8.7713	8.7713	8.7713	8.7713	8.7713	8.7713	8.7713	8.7713	8.7713
615	8.7713	8.7713	8.7713	8.7713	8.7713	8.7713	8.7713	8.7713	8.7713	8.7713	8.7713
616	8.7713	8.7713	8.7713	8.7713	8.7713	8.7713	8.7713	8.7713	8.7713	8.7713	8.7713
617	8.7713	8.7713	8.7713	8.7713	8.7713	8.7713	8.7713	8.7713	8.7713	8.7713	8.7713
618	8.45942	8.45942	8.45942	8.45942	8.45942	8.45942	8.45942	8.45942	8.45942	8.45942	8.459419999999998
619	8.45942	8.45942	8.45942	8.45942	8.45942	8.45942	8.45942	8.45942	8.45942	8.45942	8.459419999999998
620	8.45942	8.45942	8.45942	8.45942	8.45942	8.45942	8.45942	8.45942	8.45942	8.45942	8.459419999999998
621	8.45942	8.45942	8.45942	8.45942	8.45942	8.45942	8.45942	8.45942	8.45942	8.45942	8.459419999999998
622	8.45942	8.45942	8.45942	8.45942	8.45942	8.45942	8.45942	8.45942	8.45942	8.45942	8.459419999999998
623	8.45942	8.45942	8.45942	8.45942	8.45942	8.45942	8.45942	8.45942	8.45942	8.45942	8.459419999999998
624	8.45942	8.45942	8.45942	8.45942	8.45942	8.45942	8.45942	8.45942	8.45942	8.45942	8.459419999999998
625	8.45942	8.45942	8.45942	8.45942	8.45942	8.45942	8.45942	8.45942	8.45942	8.45942	8.459419999999998
626	8.45942	8.45942	8.45942	8.45942	8.45942	8.45942	8.45942	8.45942	8.45942	8.45942	8.459419999999998
627	8.45942	8.45942	8.45942	8.45942	8.45942	8.45942	8.45942	8.45942	8.45942	8.45942	8.459419999999998
628	8.45942	8.45942	8.45942	8.45942	8.45942	8.45942	8.45942	8.45942	8.45942	8.45942	8.459419999999998
629	8.45942	8.45942	8.45942	8.45942	8.45942	8.45942	8.45942	8.45942	8.45942	8.45942	8.459419999999998
630	8.45942	8.45942	8.45942	8.45942	8.45942	8.45942	8.45942	8.45942	8.45942	8.45942	8.459419999999998
631	8.45942	8.45942	8.45942	8.45942	8.45942	8.45942	8.45942	8.45942	8.45942	8.45942	8.459419999999998
632	8.45942	8.45942	8.45942	8.45942	8.45942	8.45942	8.45942	8.45942	8.45942	8.45942	8.459419999999998
633	8.45942	8.45942	8.45942	8.45942	8.45942	8.45942	8.45942	8.45942	8.45942	8.45942	8.459419999999998
634	8.45942	8.45942	8.45942	8.45942	8.45942	8.45942	8.45942	8.45942	8.45942	8.45942	8.459419999999998
635	8.45942	8.45942	8.45942	8.45942	8.45942	8.45942	8.45942	8.45942	8.45942	8.45942	8.459419999999998
636	8.45942	8.45942	8.45942	8.45942	8.45942	8.45942	8.45942	8.45942	8.45942	8.45942	8.459419999999998
637	8.45942	8.45942	8.45942	8.45942	8.45942	8.45942	8.45942	8.45942	8.45942	8.45942	8.459419999999998
638	8.45942	8.45942	8.45942	8.45942	8.45942	8.45942	8.45942	8.45942	8.45942	8.45942	8.459419999999998
639	8.45942	8.45942	8.45942	8.45942	8.45942	8.45942	8.45942	8.45942	8.45942	8.45942	8.459419999999998
640	8.45942	8.45942	8.45942	8.45942	8.45942	8.45942	8.45942	8.45942	8.45942	8.45942	8.459419999999998
641	8.45942	8.45942	8.45942	8.45942	8.45942	8.45942	8.45942	8.45942	8.45942	8.45942	8.459419999999998
642	8.45942	8.45942	8.45942	8.45942	8.45942	8.45942	8.45942	8.45942	8.45942	8.45942	8.459419999999998
643	8.45942	8.45942	8.45942	8.45942	8.45942	8.45942	8.45942	8.45942	8.45942	8.45942	8.459419999999998
644	8.45942	8.45942	8.45942	8.45942	8.45942	8.45942	8.45942	8.45942	8.45942	8.45942	8.459419999999998
645	8.45942	8.45942	8.45942	8.45942	8.45942	8.45942	8.45942	8.45942	8.45942	8.45942	8.459419999999998
646	8.45942	8.45942	8.45942	8.45942	8.45942	8.45942	8.45942	8.45942	8.45942	8.45942	8.459419999999998
647	8.45942	8.45942	8.45942	8.45942	8.45942	8.45942	8.45942	8.45942	8.45942	8.45942	8.459419999999998
648	8.45942	8.45942	8.45942	8.45942	8.45942	8.45942	8.45942	8.45942	8.45942	8.45942	8.459419999999998
649	8.45942	8.45942	8.45942	8.45942	8.45942	8.45942	8.45942	8.45942	8.45942	8.45942	8.459419999999998
650	8.45942	8.45942	8.45942	8.45942	8.45942	8.45942	8.45942	8.45942	8.45942	8.45942	8.459419999999998
651	8.45942	8.45942	8.45942	8.45942	8.45942	8.45942	8.45942	8.45942	8.45942	8.45942	8.459419999999998
652	8.45942	8.45942	8.45942	8.45942	8.45942	8.45942	8.45942	8.45942	8.45942	8.45942	8.459419999999998
653	8.45942	8.45942	8.45942	8.45942	8.45942	8.45942	8.45942	8.45942	8.45942	8.45942	8.459419999999998
654	8.45942	8.45942	8.45942	8.45942	8.45942	8.45942	8.45942	8.45942	8.45942	8.45942	8.459419999999998
655	8.45942	8.45942	8.45942	8.45942	8.45942	8.45942	8.45942	8.45942	8.45942	8.45942	8.459419999999998
656	8.45942	8.45942	8.45942	8.45942	8.45942	8.45942	8.45942	8.45942	8.45942	8.45942	8.459419999999998
657	8.45942	8.45942	8.45942	8.45942	8.45942	8.45942	8.45942	8.45942	8.45942	8.45942	8.459419999999998
658	8.45942	8.45942	8.45942	8.45942	8.45942	8.45942	8.45942	8.45942	8.45942	8.45942	8.459419999999998
659	8.45942	8.45942	8.45942	8.45942	8.45942	8.45942	8.45942	8.45942	8.45942	8.45942	8.459419999999998
660	8.45942	8.45942	8.45942	8.45942	8.45942	8.45942	8.45942	8.45942	8.45942	8.45942	8.459419999999998
661	8.45942	8.45942	8.45942	8.45942	8.45942	8.45942	8.45942	8.45942	8.45942	8.45942	8.459419999999998
662	8.45942	8.45942	8.45942	8.45942	8.45942	8.45942	8.45942	8.45942	8.45942	8.45942	8.459419999999998
663	8.45942	8.45942	8.45942	8.45942	8.45942	8.45942	8.45942	8.45942	8.45942	8.45942	8.459419999999998
664	8.45942	8.45942	8.45942	8.45942	8.45942	8.45942	8.45942	8.45942	8.45942	8.45942	8.459419999999998
665	8.45942	8.45942	8.45942	8.45942	8.45942	8.45942	8.45942	8.45942	8.45942	8.45942	8.459419999999998
666	8.45942	8.45942	8.45942	8.45942	8.45942	8.45942	8.45942	8.45942	8.45942	8.45942	8.459419999999998
667	8.45942	8.45942	8.45942	8.45942	8.45942	8.45942	8.45942	8.45942	8.45942	8.45942	8.459419999999998
668	8.45942	8.45942	8.45942	8.45942	8.45942	8.45942	8.45942	8.45942	8.45942	8.45942	8.459419999999998
669	8.45942	8.45942	8.45942	8.45942	8.45942	8.45942	8.45942	8.45942	8.45942	8.45942	8.459419999999998
670	8.45942	8.45942	8.45942	8.45942	8.45942	8.45942	8.45942	8.45942	8.45942	8.45942	8.459419999999998
671	8.45942	8.45942	8.45942	8.45942	8.45942	8.45942	8.45942	8.45942	8.45942	8.45942	8.459419999999998
672	8.45942	8.45942	8.45942	8.45942	8.45942	8.45942	8.45942	8.45942	8.45942	8.45942	8.459419999999998
673	8.45942	8.45942	8.45942	8.45942	8.45942	8.45942	8.45942	8.45942	8.45942	8.45942	8.459419999999998
674	8.45942	8.45942	8.45942	8.45942	8.45942	8.45942	8.45942	8.45942	8.45942	8.45942	8.459419999999998
675	8.45942	8.45942	8.45942	8.45942	8.45942	8.45942	8.45942	8.45942	8.45942	8.45942	8.459419999999998
676	8.45942	8.45942	8.45942	8.45942	8.45942	8.45942	8.45942	8.45942	8.45942	8.45942	8.459419999999998
677	8.45942	8.45942	8.45942	8.45942	8.45942	8.45942	8.45942	8.45942	8.45942	8.45942	8.459419999999998
678	8.45942	8.45942	8.45942	8.45942	8.45942	8.45942	8.45942	8.45942	8.45942	8.45942	8.459419999999998
679	8.45942	8.45942	8.45942	8.45942	8.45942	8.45942	8.45942	8.45942	8.45942	8.45942	8.459419999999998
680	8.45942	8.45942	8.45942	8.45942	8.45942	8.45942	8.45942	8.45942	8.45942	8.45942	8.459419999999998
681	8.45942	8.45942	8.45942	8.45942	8.45942	8.45942	8.45942	8.45942	8.45942	8.45942	8.459419999999998
682	8.45942	8.45942	8.45942	8.45942	8.45942	8.45942	8.45942	8.45942	8.45942	8.45942	8.459419999999998
683	8.45942	8.45942	8.45942	8.45942	8.45942	8.45942	8.45942	8.45942	8.45942	8.45942	8.459419999999998
684	8.45942	8.45942	8.45942	8.45942	8.45942	8.45942	8.45942	8.45942	8.45942	8.45942	8.459419999999998
685	8.45942	8.45942	8.45942	8.45942	8.45942	8.45942	8.45942	8.45942	8.45942	8.45942	8.459419999999998
686	8.45942	8.45942	8.45942	8.45942	8.45942	8.45942	8.45942	8.45942	8.45942	8.45942	8.459419999999998
687	8.45942	8.45942	8.45942	8.45942	8.45942	8.45942	8.45942	8.45942	8.45942	8.45942	8.459419999999998
688	8.45942	8.45942	8.45942	8.45942	8.45942	8.45942	8.45942	8.45942	8.45942	8.45942	8.459419999999998
689	8.45942	8.45942	8.45942	8.45942	8.45942	8.45942	8.45942	8.45942	8.45942	8.45942	8.459419999999998
690	8.45942	8.45942	8.45942	8.45942	8.45942	8.45942	8.45942	8.45942	8.45942	8.45942	8.459419999999998
691	8.45942	8.45942	8.45942	8.45942	8.45942	8.45942	8.45942	8.45942	8.45942	8.45942	8.459419999999998
692	8.45942	8.45942	8.45942	8.45942	8.45942	8.45942	8.45942	8.45942	8.45942	8.45942	8.459419999999998
693	8.45942	8.45942	8.45942	8.45942	8.45942	8.45942	8.45942	8.45942	8.45942	8.45942	8.459419999999998
694	8.45942	8.45942	8.45942	8.45942	8.45942	8.45942	8.45942	8.45942	8.45942	8.45942	8.459419999999998
695	8.45942	8.45942	8.45942	8.45942	8.45942	8.45942	8.45942	8.45942	8.45942	8.45942	8.459419999999998
696	8.45942	8.45942	8.45942	8.45942	8.45942	8.45942	8.45942	8.45942	8.45942	8.45942	8.459419999999998
697	8.45942	8.45942	8.45942	8.45942	8.45942	8.45942	8.45942	8.45942	8.45942	8.45942	8.459419999999998
698	8.45942	8.45942	8.45942	8.45942	8.45942	8.45942	8.45942	8.45942	8.45942	8.45942	8.459419999999998
699	8.45942	8.45942	8.45942	8.45942	8.45942	8.45942	8.45942	8.45942	8.45942	8.45942	8.459419999999998
700	8.45942	8.45942	8.45942	8.45942	8.45942	8.45942	8.45942	8.45942	8.45942	8.45942	8.459419999999998
701	8.45942	8.45942	8.45942	8.45942	8.45942	8.45942	8.45942	8.45942	8.45942	8.45942	8.459419999999998
702	8.45942	8.45942	8.45942	8.45942	8.45942	8.45942	8.45942	8.45942	8.45942	8.45942	8.459419999999998
703	8.45942	8.45942	8.45942	8.45942	8.45942	8.45942	8.45942	8.45942	8.45942	8.45942	8.459419999999998
704	8.45942	8.45942	8.45942	8.45942	8.45942	8.45942	8.45942	8.45942	8.45942	8.45942	8.459419999999998
705	8.45942	8.45942	8.45942	8.45942	8.45942	8.45942	8.45942	8.45942	8.45942	8.45942	8.459419999999998
706	8.45942	8.45942	8.45942	8.45942	8.45942	8.45942	8.45942	8.45942	8.45942	8.45942	8.459419999999998
707	8.45942	8.45942	8.45942	8.45942	8.45942	8.45942	8.45942	8.45942	8.45942	8.45942	8.459419999999998
708	8.45942	8.45942	8.45942	8.45942	8.45942	8.45942	8.45942	8.45942	8.45942	8.45942	8.459419999999998
709	8.45942	8.45942	8.45942	8.45942	8.45942	8.45942	8.45942	8.45942	8.45942	8.45942	8.459419999999998
710	8.45942	8.45942	8.45942	8.45942	8.45942	8.45942	8.45942	8.45942	8.45942	8.45942	8.459419999999998
711	8.45942	8.45942	8.45942	8.45942	8.45942	8.45942	8.45942	8.45942	8.45942	8.45942	8.459419999999998
712	8.45942	8.45942	8.45942	8.45942	8.45942	8.45942	8.45942	8.45942	8.45942	8.45942	8.459419999999998
713	8.45942	8.45942	8.45942	8.45942	8.45942	8.45942	8.45942	8.45942	8.45942	8.45942	8.459419999999998
714	8.45942	8.45942	8.45942	8.45942	8.45942	8.45942	8.45942	8.45942	8.45942	8.45942	8.459419999999998
715	8.45942	8.45942	8.45942	8.45942	8.45942	8.45942	8.45942	8.45942	8.45942	8.45942	8.459419999999998
716	8.45942	8.45942	8.45942	8.45942	8.45942	8.45942	8.45942	8.45942	8.45942	8.45942	8.459419999999998
717	8.45942	8.45942	8.45942	8.45942	8.45942	8.45942	8.45942	8.45942	8.45942	8.45942	8.459419999999998
718	8.45942	8.45942	8.45942	8.45942	8.45942	8.45942	8.45942	8.45942	8.45942	8.45942	8.459419999999998
719	8.45942	8.45942	8.45942	8.45942	8.45942	8.45942	8.45942	8.45942	8.45942	8.45942	8.459419999999998
720	8.45942	8.45942	8.45942	8.45942	8.45942	8.45942	8.45942	8.45942	8.45942	8.45942	8.459419999999998
721	8.45942	8.45942	8.45942	8.45942	8.45942	8.45942	8.45942	8.45942	8.45942	8.45942	8.459419999999998
722	8.45942	8.45942	8.45942	8.45942	8.45942	8.45942	8.45942	8.45942	8.45942	8.45942	8.459419999999998
723	8.45942	8.45942	8.45942	8.45942	8.45942	8.45942	8.45942	8.45942	8.45942	8.45942	8.459419999999998
724	8.45942	8.45942	8.45942	8.45942	8.45942	8.45942	8.45942	8.45942	8.45942	8.45942	8.459419999999998
725	8.45942	8.45942	8.45942	8.45942	8.45942	8.45942	8.45942	8.45942	8.45942	8.45942	8.459419999999998
726	8.45942	8.45942	8.45942	8.45942	8.45942	8.45942	8.45942	8.45942	8.45942	8.45942	8.459419999999998
727	8.45942	8.45942	8.45942	8.45942	8.45942	8.45942	8.45942	8.45942	8.45942	8.45942	8.459419999999998
728	8.45942	8.45942	8.45942	8.45942	8.45942	8.45942	8.45942	8.45942	8.45942	8.45942	8.459419999999998
729	8.45942	8.45942	8.45942	8.45942	8.45942	8.45942	8.45942	8.45942	8.45942	8.45942	8.459419999999998
730	8.45942	8.45942	8.45942	8.45942	8.45942	8.45942	8.45942	8.45942	8.45942	8.45942	8.459419999999998
731	8.45942	8.45942	8.45942	8.45942	8.45942	8.45942	8.45942	8.45942	8.45942	8.45942	8.459419999999998
732	8.45942	8.45942	8.45942	8.45942	8.45942	8.45942	8.45942	8.45942	8.45942	8.45942	8.459419999999998
733	8.45942	8.45942	8.45942	8.45942	8.45942	8.45942	8.45942	8.45942	8.45942	8.45942	8.459419999999998
734	8.45942	8.45942	8.45942	8.45942	8.45942	8.45942	8.45942	8.45942	8.45942	8.45942	8.459419999999998
735	8.45942	8.45942	8.45942	8.45942	8.45942	8.45942	8.45942	8.45942	8.45942	8.45942	8.459419999999998
736	8.45942	8.45942	8.45942	8.45942	8.45942	8.45942	8.45942	8.45942	8.45942	8.45942	8.459419999999998
737	8.45942	8.45942	8.45942	8.45942	8.45942	8.45942	8.45942	8.45942	8.45942	8.45942	8.459419999999998
738	8.45942	8.45942	8.45942	8.45942	8.45942	8.45942	8.45942	8.45942	8.45942	8.45942	8.459419999999998
739	8.45942	8.45942	8.45942	8.45942	8.45942	8.45942	8.45942	8.45942	8.45942	8.45942	8.459419999999998
740	8.45942	8.45942	8.45942	8.45942	8.45942	8.45942	8.45942	8.45942	8.45942	8.45942	8.459419999999998
741	8.45942	8.45942	8.45942	8.45942	8.45942	8.45942	8.45942	8.45942	8.45942	8.45942	8.459419999999998
742	8.45942	8.45942	8.45942	8.45942	8.45942	8.45942	8.45942	8.45942	8.45942	8.45942	8.459419999999998
743	8.45942	8.45942	8.45942	8.45942	8.45942	8.45942	8.45942	8.45942	8.45942	8.45942	8.459419999999998
744	8.45942	8.45942	8.45942	8.45942	8.45942	8.45942	8.45942	8.45942	8.45942	8.45942	8.459419999999998
745	8.45942	8.45942	8.45942	8.45942	8.45942	8.45942	8.45942	8.45942	8.45942	8.45942	8.459419999999998
746	8.45942	8.45942	8.45942	8.45942	8.45942	8.45942	8.45942	8.45942	8.45942	8.45942	8.459419999999998
747	8.45942	8.45942	8.45942	8.45942	8.45942	8.45942	8.45942	8.45942	8.45942	8.45942	8.459419999999998
748	8.45942	8.45942	8.45942	8.45942	8.45942	8.45942	8.45942	8.45942	8.45942	8.45942	8.459419999999998
749	8.45942	8.45942	8.45942	8.45942	8.45942	8.45942	8.45942	8.45942	8.45942	8.45942	8.459419999999998
750	8.45942	8.45942	8.45942	8.45942	8.45942	8.45942	8.45942	8.45942	8.45942	8.45942	8.459419999999998
751	8.45942	8.45942	8.45942	8.45942	8.45942	8.45942	8.45942	8.45942	8.45942	8.45942	8.459419999999998
752	8.45942	8.45942	8.45942	8.45942	8.45942	8.45942	8.45942	8.45942	8.45942	8.45942	8.459419999999998
753	8.45942	8.45942	8.45942	8.45942	8.45942	8.45942	8.45942	8.45942	8.45942	8.45942	8.459419999999998
754	8.45942	8.45942	8.45942	8.45942	8.45942	8.45942	8.45942	8.45942	8.45942	8.45942	8.459419999999998
755	8.45942	8.45942	8.45942	8.45942	8.45942	8.45942	8.45942	8.45942	8.45942	8.45942	8.459419999999998
756	8.45942	8.45942	8.45942	8.45942	8.45942	8.45942	8.45942	8.45942	8.45942	8.45942	8.459419999999998
757	8.45942	8.45942	8.45942	8.45942	8.45942	8.45942	8.45942	8.45942	8.45942	8.45942	8.459419999999998
758	8.45942	8.45942	8.45942	8.45942	8.45942	8.45942	8.45942	8.45942	8.45942	8.45942	8.459419999999998
759	8.45942	8.45942	8.45942	8.45942	8.45942	8.45942	8.45942	8.45942	8.45942	8.45942	8.459419999999998
760	8.45942	8.45942	8.45942	8.45942	8.45942	8.45942	8.45942	8.45942	8.45942	8.45942	8.459419999999998
761	8.45942	8.45942	8.45942	8.45942	8.45942	8.45942	8.45942	8.45942	8.45942	8.45942	8.459419999999998
762	8.45942	8.45942	8.45942	8.45942	8.45942	8.45942	8.45942	8.45942	8.45942	8.45942	8.459419999999998
763	8.45942	8.45942	8.45942	8.45942	8.45942	8.45942	8.45942	8.45942	8.45942	8.45942	8.459419999999998
764	8.45942	8.45942	8.45942	8.45942	8.45942	8.45942	8.45942	8.45942	8.45942	8.45942	8.459419999999998
765	8.45942	8.45942	8.45942	8.45942	8.45942	8.45942	8.45942	8.45942	8.45942	8.45942	8.459419999999998
766	8.45942	8.45942	8.45942	8.45942	8.45942	8.45942	8.45942	8.45942	8.45942	8.45942	8.459419999999998
767	8.45942	8.45942	8.45942	8.45942	8.45942	8.45942	8.45942	8.45942	8.45942	8.45942	8.459419999999998
768	8.45942	8.45942	8.45942	8.45942	8.45942	8.45942	8.45942	8.45942	8.45942	8.45942	8.459419999999998
769	8.45942	8.45942	8.45942	8.45942	8.45942	8.45942	8.45942	8.45942	8.45942	8.45942	8.459419999999998
770	8.45942	8.45942	8.45942	8.45942	8.45942	8.45942	8.45942	8.45942	8.45942	8.45942	8.459419999999998
771	8.45942	8.45942	8.45942	8.45942	8.45942	8.45942	8.45942	8.45942	8.45942	8.45942	8.459419999999998
772	8.45942	8.45942	8.45942	8.45942	8.45942	8.45942	8.45942	8.45942	8.45942	8.45942	8.459419999999998
773	8.45942	8.45942	8.45942	8.45942	8.45942	8.45942	8.45942	8.45942	8.45942	8.45942	8.459419999999998
774	8.45942	8.45942	8.45942	8.45942	8.45942	8.45942	8.45942	8.45942	8.45942	8.45942	8.459419999999998
775	8.45942	8.45942	8.45942	8.45942	8.45942	8.45942	8.45942	8.45942	8.45942	8.45942	8.459419999999998
776	8.45942	8.45942	8.45942	8.45942	8.45942	8.45942	8.45942	8.45942	8.45942	8.45942	8.459419999999998
777	8.45942	8.45942	8.45942	8.45942	8.45942	8.45942	8.45942	8.45942	8.45942	8.45942	8.459419999999998
778	8.45942	8.45942	8.45942	8.45942	8.45942	8.45942	8.45942	8.45942	8.45942	8.45942	8.459419999999998
779	8.45942	8.45942	8.45942	8.45942	8.45942	8.45942	8.45942	8.45942	8.45942	8.45942	8.459419999999998
780	8.45942	8.45942	8.45942	8.45942	8.45942	8.45942	8.45942	8.45942	8.45942	8.45942	8.459419999999998
781	8.45942	8.45942	8.45942	8.45942	8.45942	8.45942	8.45942	8.45942	8.45942	8.45942	8.459419999999998
782	8.45942	8.45942	8.45942	8.45942	8.45942	8.45942	8.45942	8.45942	8.45942	8.45942	8.459419999999998
783	8.45942	8.45942	8.45942	8.45942	8.45942	8.45942	8.45942	8.45942	8.45942	8.45942	8.459419999999998
784	8.45942	8.45942	8.45942	8.45942	8.45942	8.45942	8.45942	8.45942	8.45942	8.45942	8.459419999999998
785	8.45942	8.45942	8.45942	8.45942	8.45942	8.45942	8.45942	8.45942	8.45942	8.45942	8.459419999999998
786	8.45942	8.45942	8.45942	8.45942	8.45942	8.45942	8.45942	8.45942	8.45942	8.45942	8.459419999999998
787	8.45942	8.45942	8.45942	8.45942	8.45942	8.45942	8.45942	8.45942	8.45942	8.45942	8.459419999999998
788	8.45942	8.45942	8.45942	8.45942	8.45942	8.45942	8.45942	8.45942	8.45942	8.45942	8.459419999999998
789	8.45942	8.45942	8.45942	8.45942	8.45942	8.45942	8.45942	8.45942	8.45942	8.45942	8.459419999999998
790	8.45942	8.45942	8.45942	8.45942	8.45942	8.45942	8.45942	8.45942	8.45942	8.45942	8.459419999999998
791	8.45942	8.45942	8.45942	8.45942	8.45942	8.45942	8.45942	8.45942	8.45942	8.45942	8.459419999999998
792	8.45942	8.45942	8.45942	8.45942	8.45942	8.45942	8.45942	8.45942	8.45942	8.45942	8.459419999999998
793	8.45942	8.45942	8.45942	8.45942	8.45942	8.45942	8.45942	8.45942	8.45942	8.45942	8.459419999999998
794	8.45942	8.45942	8.45942	8.45942	8.45942	8.45942	8.45942	8.45942	8.45942	8.45942	8.459419999999998
795	8.45942	8.45942	8.45942	8.45942	8.45942	8.45942	8.45942	8.45942	8.45942	8.45942	8.459419999999998
796	8.45942	8.45942	8.45942	8.45942	8.45942	8.45942	8.45942	8.45942	8.45942	8.45942	8.459419999999998
797	8.45942	8.45942	8.45942	8.45942	8.45942	8.45942	8.45942	8.45942	8.45942	8.45942	8.459419999999998
798	8.45942	8.45942	8.45942	8.45942	8.45942	8.45942	8.45942	8.45942	8.45942	8.45942	8.459419999999998
799	8.45942	8.45942	8.45942	8.45942	8.45942	8.45942	8.45942	8.45942	8.45942	8.45942	8.459419999999998
800	8.45942	8.45942	8.45942	8.45942	8.45942	8.45942	8.45942	8.45942	8.45942	8.45942	8.459419999999998
801	8.45942	8.45942	8.45942	8.45942	8.45942	8.45942	8.45942	8.45942	8.45942	8.45942	8.459419999999998
802	8.45942	8.45942	8.45942	8.45942	8.45942	8.45942	8.45942	8.45942	8.45942	8.45942	8.459419999999998
803	8.45942	8.45942	8.45942	8.45942	8.45942	8.45942	8.45942	8.45942	8.45942	8.45942	8.459419999999998
804	8.45942	8.45942	8.45942	8.45942	8.45942	8.45942	8.45942	8.45942	8.45942	8.45942	8.459419999999998
805	8.45942	8.45942	8.45942	8.45942	8.45942	8.45942	8.45942	8.45942	8.45942	8.45942	8.459419999999998
806	8.45942	8.45942	8.45942	8.45942	8.45942	8.45942	8.45942	8.45942	8.45942	8.45942	8.459419999999998
807	8.45942	8.45942	8.45942	8.45942	8.45942	8.45942	8.45942	8.45942	8.45942	8.45942	8.459419999999998
808	8.45942	8.45942	8.45942	8.45942	8.45942	8.45942	8.45942	8.45942	8.45942	8.45942	8.459419999999998
809	8.45942	8.45942	8.45942	8.45942	8.45942	8.45942	8.45942	8.45942	8.45942	8.45942	8.459419999999998
810	8.45942	8.45942	8.45942	8.45942	8.45942	8.45942	8.45942	8.45942	8.45942	8.45942	8.459419999999998
811	8.45942	8.45942	8.45942	8.45942	8.45942	8.45942	8.45942	8.45942	8.45942	8.45942	8.459419999999998
812	8.45942	8.45942	8.45942	8.45942	8.45942	8.45942	8.45942	8.45942	8.45942	8.45942	8.459419999999998
813	8.45942	8.45942	8.45942	8.45942	8.45942	8.45942	8.45942	8.45942	8.45942	8.45942	8.459419999999998
814	8.45942	8.45942	8.45942	8.45942	8.45942	8.45942	8.45942	8.45942	8.45942	8.45942	8.459419999999998
815	8.45942	8.45942	8.45942	8.45942	8.45942	8.45942	8.45942	8.45942	8.45942	8.45942	8.459419999999998
816	8.45942	8.45942	8.45942	8.45942	8.45942	8.45942	8.45942	8.45942	8.45942	8.45942	8.459419999999998
817	8.45942	8.45942	8.45942	8.45942	8.45942	8.45942	8.45942	8.45942	8.45942	8.45942	8.459419999999998
818	8.45942	8.45942	8.45942	8.45942	8.45942	8.45942	8.45942	8.45942	8.45942	8.45942	8.459419999999998
819	8.45942	8.45942	8.45942	8.45942	8.45942	8.45942	8.45942	8.45942	8.45942	8.45942	8.459419999999998
820	8.45942	8.45942	8.45942	8.45942	8.45942	8.45942	8.45942	8.45942	8.45942	8.45942	8.459419999999998
821	8.45942	8.45942	8.45942	8.45942	8.45942	8.45942	8.45942	8.45942	8.45942	8.45942	8.459419999999998
822	8.45942	8.45942	8.45942	8.45942	8.45942	8.45942	8.45942	8.45942	8.45942	8.45942	8.459419999999998
823	8.45942	8.45942	8.45942	8.45942	8.45942	8.45942	8.45942	8.45942	8.45942	8.45942	8.459419999999998
824	8.45942	8.45942	8.45942	8.45942	8.45942	8.45942	8.45942	8.45942	8.45942	8.45942	8.459419999999998
825	8.45942	8.45942	8.45942	8.45942	8.45942	8.45942	8.45942	8.45942	8.45942	8.45942	8.459419999999998
826	8.45942	8.45942	8.45942	8.45942	8.45942	8.45942	8.45942	8.45942	8.45942	8.45942	8.459419999999998
827	8.45942	8.45942	8.45942	8.45942	8.45942	8.45942	8.45942	8.45942	8.45942	8.45942	8.459419999999998
828	8.45942	8.45942	8.45942	8.45942	8.45942	8.45942	8.45942	8.45942	8.45942	8.45942	8.459419999999998
829	8.45942	8.45942	8.45942	8.45942	8.45942	8.45942	8.45942	8.45942	8.45942	8.45942	8.459419999999998
830	8.45942	8.45942	8.45942	8.45942	8.45942	8.45942	8.45942	8.45942	8.45942	8.45942	8.459419999999998
831	8.45942	8.45942	8.45942	8.45942	8.45942	8.45942	8.45942	8.45942	8.45942	8.45942	8.459419999999998
832	8.45942	8.45942	8.45942	8.45942	8.45942	8.45942	8.45942	8.45942	8.45942	8.45942	8.459419999999998
833	8.45942	8.45942	8.45942	8.45942	8.45942	8.45942	8.45942	8.45942	8.45942	8.45942	8.459419999999998
834	8.45942	8.45942	8.45942	8.45942	8.45942	8.45942	8.45942	8.45942	8.45942	8.45942	8.459419999999998
835	8.45942	8.45942	8.45942	8.45942	8.45942	8.45942	8.45942	8.45942	8.45942	8.45942	8.459419999999998
836	8.45942	8.45942	8.45942	8.45942	8.45942	8.45942	8.45942	8.45942	8.45942	8.45942	8.459419999999998
837	8.45942	8.45942	8.45942	8.45942	8.45942	8.45942	8.45942	8.45942	8.45942	8.45942	8.459419999999998
838	8.45942	8.45942	8.45942	8.45942	8.45942	8.45942	8.45942	8.45942	8.45942	8.45942	8.459419999999998
839	8.45942	8.45942	8.45942	8.45942	8.45942	8.45942	8.45942	8.45942	8.45942	8.45942	8.459419999999998
840	8.45942	8.45942	8.45942	8.45942	8.45942	8.45942	8.45942	8.45942	8.45942	8.45942	8.459419999999998
841	8.45942	8.45942	8.45942	8.45942	8.45942	8.45942	8.45942	8.45942	8.45942	8.45942	8.459419999999998
842	8.45942	8.45942	8.45942	8.45942	8.45942	8.45942	8.45942	8.45942	8.45942	8.45942	8.459419999999998
843	8.45942	8.45942	8.45942	8.45942	8.45942	8.45942	8.45942	8.45942	8.45942	8.45942	8.459419999999998
844	8.45942	8.45942	8.45942	8.45942	8.45942	8.45942	8.45942	8.45942	8.45942	8.45942	8.459419999999998
845	8.45942	8.45942	8.45942	8.45942	8.45942	8.45942	8.45942	8.45942	8.45942	8.45942	8.459419999999998
846	8.45942	8.45942	8.45942	8.45942	8.45942	8.45942	8.45942	8.45942	8.45942	8.45942	8.459419999999998
847	8.45942	8.45942	8.45942	8.45942	8.45942	8.45942	8.45942	8.45942	8.45942	8.45942	8.459419999999998
848	8.45942	8.45942	8.45942	8.45942	8.45942	8.45942	8.45942	8.45942	8.45942	8.45942	8.459419999999998
849	8.45942	8.45942	8.45942	8.45942	8.45942	8.45942	8.45942	8.45942	8.45942	8.45942	8.459419999999998
850	8.45942	8.45942	8.45942	8.45942	8.45942	8.45942	8.45942	8.45942	8.45942	8.45942	8.459419999999998
851	8.45942	8.45942	8.45942	8.45942	8.45942	8.45942	8.45942	8.45942	8.45942	8.45942	8.459419999999998
852	8.45942	8.45942	8.45942	8.45942	8.45942	8.45942	8.45942	8.45942	8.45942	8.45942	8.459419999999998
853	8.45942	8.45942	8.45942	8.45942	8.45942	8.45942	8.45942	8.45942	8.45942	8.45942	8.459419999999998
854	8.45942	8.45942	8.45942	8.45942	8.45942	8.45942	8.45942	8.45942	8.45942	8.45942	8.459419999999998
855	8.45942	8.45942	8.45942	8.45942	8.45942	8.45942	8.45942	8.45942	8.45942	8.45942	8.459419999999998
856	8.45942	8.45942	8.45942	8.45942	8.45942	8.45942	8.45942	8.45942	8.45942	8.45942	8.459419999999998
857	8.45942	8.45942	8.45942	8.45942	8.45942	8.45942	8.45942	8.45942	8.45942	8.45942	8.459419999999998
858	8.45942	8.45942	8.45942	8.45942	8.45942	8.45942	8.45942	8.45942	8.45942	8.45942	8.459419999999998
859	8.45942	8.45942	8.45942	8.45942	8.45942	8.45942	8.45942	8.45942	8.45942	8.45942	8.459419999999998
860	8.45942	8.45942	8.45942	8.45942	8.45942	8.45942	8.45942	8.45942	8.45942	8.45942	8.459419999999998
861	8.45942	8.45942	8.45942	8.45942	8.45942	8.45942	8.45942	8.45942	8.45942	8.45942	8.459419999999998
862	8.45942	8.45942	8.45942	8.45942	8.45942	8.45942	8.45942	8.45942	8.45942	8.45942	8.459419999999998
863	8.45942	8.45942	8.45942	8.45942	8.45942	8.45942	8.45942	8.45942	8.45942	8.45942	8.459419999999998
864	8.45942	8.45942	8.45942	8.45942	8.45942	8.45942	8.45942	8.45942	8.45942	8.45942	8.459419999999998
865	8.45942	8.45942	8.45942	8.45942	8.45942	8.45942	8.45942	8.45942	8.45942	8.45942	8.459419999999998
866	8.45942	8.45942	8.45942	8.45942	8.45942	8.45942	8.45942	8.45942	8.45942	8.45942	8.459419999999998
867	8.45942	8.45942	8.45942	8.45942	8.45942	8.45942	8.45942	8.45942	8.45942	8.45942	8.459419999999998
868	8.45942	8.45942	8.45942	8.45942	8.45942	8.45942	8.45942	8.45942	8.45942	8.45942	8.459419999999998
869	8.45942	8.45942	8.45942	8.45942	8.45942	8.45942	8.45942	8.45942	8.45942	8.45942	8.459419999999998
870	8.45942	8.45942	8.45942	8.45942	8.45942	8.45942	8.45942	8.45942	8.45942	8.45942	8.459419999999998
871	8.45942	8.45942	8.45942	8.45942	8.45942	8.45942	8.45942	8.45942	8.45942	8.45942	8.459419999999998
872	8.45942	8.45942	8.45942	8.45942	8.45942	8.45942	8.45942	8.45942	8.45942	8.45942	8.459419999999998
873	8.45942	8.45942	8.45942	8.45942	8.45942	8.45942	8.45942	8.45942	8.45942	8.45942	8.459419999999998
874	8.45942	8.45942	8.45942	8.45942	8.45942	8.45942	8.45942	8.45942	8.45942	8.45942	8.459419999999998
875	8.45942	8.45942	8.45942	8.45942	8.45942	8.45942	8.45942	8.45942	8.45942	8.45942	8.459419999999998
876	8.45942	8.45942	8.45942	8.45942	8.45942	8.45942	8.45942	8.45942	8.45942	8.45942	8.459419999999998
877	8.45942	8.45942	8.45942	8.45942	8.45942	8.45942	8.45942	8.45942	8.45942	8.45942	8.459419999999998
878	8.45942	8.45942	8.45942	8.45942	8.45942	8.45942	8.45942	8.45942	8.45942	8.45942	8.459419999999998
879	8.45942	8.45942	8.45942	8.45942	8.45942	8.45942	8.45942	8.45942	8.45942	8.45942	8.459419999999998
880	8.45942	8.45942	8.45942	8.45942	8.45942	8.45942	8.45942	8.45942	8.45942	8.45942	8.459419999999998
881	8.45942	8.45942	8.45942	8.45942	8.45942	8.45942	8.45942	8.45942	8.45942	8.45942	8.459419999999998
882	8.45942	8.45942	8.45942	8.45942	8.45942	8.45942	8.45942	8.45942	8.45942	8.45942	8.459419999999998
883	8.45942	8.45942	8.45942	8.45942	8.45942	8.45942	8.45942	8.45942	8.45942	8.45942	8.459419999999998
884	8.45942	8.45942	8.45942	8.45942	8.45942	8.45942	8.45942	8.45942	8.45942	8.45942	8.459419999999998
885	8.45942	8.45942	8.45942	8.45942	8.45942	8.45942	8.45942	8.45942	8.45942	8.45942	8.459419999999998
886	8.45942	8.45942	8.45942	8.45942	8.45942	8.45942	8.45942	8.45942	8.45942	8.45942	8.459419999999998
887	8.45942	8.45942	8.45942	8.45942	8.45942	8.45942	8.45942	8.45942	8.45942	8.45942	8.459419999999998
888	8.45942	8.45942	8.45942	8.45942	8.45942	8.45942	8.45942	8.45942	8.45942	8.45942	8.459419999999998
889	8.45942	8.45942	8.45942	8.45942	8.45942	8.45942	8.45942	8.45942	8.45942	8.45942	8.459419999999998
890	8.45942	8.45942	8.45942	8.45942	8.45942	8.45942	8.45942	8.45942	8.45942	8.45942	8.459419999999998
891	8.45942	8.45942	8.45942	8.45942	8.45942	8.45942	8.45942	8.45942	8.45942	8.45942	8.459419999999998
892	8.45942	8.45942	8.45942	8.45942	8.45942	8.45942	8.45942	8.45942	8.45942	8.45942	8.459419999999998
893	8.45942	8.45942	8.45942	8.45942	8.45942	8.45942	8.45942	8.45942	8.45942	8.45942	8.459419999999998
894	8.45942	8.45942	8.45942	8.45942	8.45942	8.45942	8.45942	8.45942	8.45942	8.45942	8.459419999999998
895	8.45942	8.45942	8.45942	8.45942	8.45942	8.45942	8.45942	8.45942	8.45942	8.45942	8.459419999999998
896	8.45942	8.45942	8.45942	8.45942	8.45942	8.45942	8.45942	8.45942	8.45942	8.45942	8.459419999999998
897	8.45942	8.45942	8.45942	8.45942	8.45942	8.45942	8.45942	8.45942	8.45942	8.45942	8.459419999999998
898	8.45942	8.45942	8.45942	8.45942	8.45942	8.45942	8.45942	8.45942	8.45942	8.45942	8.459419999999998
899	8.45942	8.45942	8.45942	8.45942	8.45942	8.45942	8.45942	8.45942	8.45942	8.45942	8.459419999999998
900	8.45942	8.45942	8.45942	8.45942	8.45942	8.45942	8.45942	8.45942	8.45942	8.45942	8.459419999999998
901	8.45942	8.45942	8.45942	8.45942	8.45942	8.45942	8.45942	8.45942	8.45942	8.45942	8.459419999999998
902	8.45942	8.45942	8.45942	8.45942	8.45942	8.45942	8.45942	8.45942	8.45942	8.45942	8.459419999999998
903	8.45942	8.45942	8.45942	8.45942	8.45942	8.45942	8.45942	8.45942	8.45942	8.45942	8.459419999999998
904	8.45942	8.45942	8.45942	8.45942	8.45942	8.45942	8.45942	8.45942	8.45942	8.45942	8.459419999999998
905	8.45942	8.45942	8.45942	8.45942	8.45942	8.45942	8.45942	8.45942	8.45942	8.45942	8.459419999999998
906	8.45942	8.45942	8.45942	8.45942	8.45942	8.45942	8.45942	8.45942	8.45942	8.45942	8.459419999999998
907	8.45942	8.45942	8.45942	8.45942	8.45942	8.45942	8.45942	8.45942	8.45942	8.45942	8.459419999999998
908	8.44346	8.44346	8.44346	8.44346	8.44346	8.44346	8.44346	8.44346	8.44346	8.44346	8.44346
909	8.44346	8.44346	8.44346	8.44346	8.44346	8.44346	8.44346	8.44346	8.44346	8.44346	8.44346
910	8.44346	8.44346	8.44346	8.44346	8.44346	8.44346	8.44346	8.44346	8.44346	8.44346	8.44346
911	8.44346	8.44346	8.44346	8.44346	8.44346	8.44346	8.44346	8.44346	8.44346	8.44346	8.44346
912	8.44346	8.44346	8.44346	8.44346	8.44346	8.44346	8.44346	8.44346	8.44346	8.44346	8.44346
913	8.44346	8.44346	8.44346	8.44346	8.44346	8.44346	8.44346	8.44346	8.44346	8.44346	8.44346
914	8.44346	8.44346	8.44346	8.44346	8.44346	8.44346	8.44346	8.44346	8.44346	8.44346	8.44346
915	8.44346	8.44346	8.44346	8.44346	8.44346	8.44346	8.44346	8.44346	8.44346	8.44346	8.44346
916	8.44346	8.44346	8.44346	8.44346	8.44346	8.44346	8.44346	8.44346	8.44346	8.44346	8.44346
917	8.44346	8.44346	8.44346	8.44346	8.44346	8.44346	8.44346	8.44346	8.44346	8.44346	8.44346
918	8.44346	8.44346	8.44346	8.44346	8.44346	8.44346	8.44346	8.44346	8.44346	8.44346	8.44346
919	8.44346	8.44346	8.44346	8.44346	8.44346	8.44346	8.44346	8.44346	8.44346	8.44346	8.44346
920	8.44346	8.44346	8.44346	8.44346	8.44346	8.44346	8.44346	8.44346	8.44346	8.44346	8.44346
921	8.44346	8.44346	8.44346	8.44346	8.44346	8.44346	8.44346	8.44346	8.44346	8.44346	8.44346
922	8.44346	8.44346	8.44346	8.44346	8.44346	8.44346	8.44346	8.44346	8.44346	8.44346	8.44346
923	8.44346	8.44346	8.44346	8.44346	8.44346	8.44346	8.44346	8.44346	8.44346	8.44346	8.44346
924	8.44346	8.44346	8.44346	8.44346	8.44346	8.44346	8.44346	8.44346	8.44346	8.44346	8.44346
925	8.44346	8.44346	8.44346	8.44346	8.44346	8.44346	8.44346	8.44346	8.44346	8.44346	8.44346
926	8.44346	8.44346	8.44346	8.44346	8.44346	8.44346	8.44346	8.44346	8.44346	8.44346	8.44346
927	8.44346	8.44346	8.44346	8.44346	8.44346	8.44346	8.44346	8.44346	8.44346	8.44346	8.44346
928	8.44346	8.44346	8.44346	8.44346	8.44346	8.44346	8.44346	8.44346	8.44346	8.44346	8.44346
929	8.44346	8.44346	8.44346	8.44346	8.44346	8.44346	8.44346	8.44346	8.44346	8.44346	8.44346
930	8.44346	8.44346	8.44346	8.44346	8.44346	8.44346	8.44346	8.44346	8.44346	8.44346	8.44346
931	8.44346	8.44346	8.44346	8.44346	8.44346	8.44346	8.44346	8.44346	8.44346	8.44346	8.44346
932	8.44346	8.44346	8.44346	8.44346	8.44346	8.44346	8.44346	8.44346	8.44346	8.44346	8.44346
933	8.44346	8.44346	8.44346	8.44346	8.44346	8.44346	8.44346	8.44346	8.44346	8.44346	8.44346
934	8.44346	8.44346	8.44346	8.44346	8.44346	8.44346	8.44346	8.44346	8.44346	8.44346	8.44346
935	8.44346	8.44346	8.44346	8.44346	8.44346	8.44346	8.44346	8.44346	8.44346	8.44346	8.44346
936	8.44346	8.44346	8.44346	8.44346	8.44346	8.44346	8.44346	8.44346	8.44346	8.44346	8.44346
937	8.44346	8.44346	8.44346	8.44346	8.44346	8.44346	8.44346	8.44346	8.44346	8.44346	8.44346
938	8.44346	8.44346	8.44346	8.44346	8.44346	8.44346	8.44346	8.44346	8.44346	8.44346	8.44346
939	8.44346	8.44346	8.44346	8.44346	8.44346	8.44346	8.44346	8.44346	8.44346	8.44346	8.44346
940	8.44346	8.44346	8.44346	8.44346	8.44346	8.44346	8.44346	8.44346	8.44346	8.44346	8.44346
941	8.44346	8.44346	8.44346	8.44346	8.44346	8.44346	8.44346	8.44346	8.44346	8.44346	8.44346
942	8.44346	8.44346	8.44346	8.44346	8.44346	8.44346	8.44346	8.44346	8.44346	8.44346	8.44346
943	8.44346	8.44346	8.44346	8.44346	8.44346	8.44346	8.44346	8.44346	8.44346	8.44346	8.44346
944	8.44346	8.44346	8.44346	8.44346	8.44346	8.44346	8.44346	8.44346	8.44346	8.44346	8.44346
945	8.44346	8.44346	8.44346	8.44346	8.44346	8.44346	8.44346	8.44346	8.44346	8.44346	8.44346
946	8.44346	8.44346	8.44346	8.44346	8.44346	8.44346	8.44346	8.44346	8.44346	8.44346	8.44346
947	8.44346	8.44346	8.44346	8.44346	8.44346	8.44346	8.44346	8.44346	8.44346	8.44346	8.44346
948	8.44346	8.44346	8.44346	8.44346	8.44346	8.44346	8.44346	8.44346	8.44346	8.44346	8.44346
949	8.44346	8.44346	8.44346	8.44346	8.44346	8.44346	8.44346	8.44346	8.44346	8.44346	8.44346
950	8.44346	8.44346	8.44346	8.44346	8.44346	8.44346	8.44346	8.44346	8.44346	8.44346	8.44346
951	8.44346	8.44346	8.44346	8.44346	8.44346	8.44346	8.44346	8.44346	8.44346	8.44346	8.44346
952	8.44346	8.44346	8.44346	8.44346	8.44346	8.44346	8.44346	8.44346	8.44346	8.44346	8.44346
953	8.44346	8.44346	8.44346	8.44346	8.44346	8.44346	8.44346	8.44346	8.44346	8.44346	8.44346
954	8.44346	8.44346	8.44346	8.44346	8.44346	8.44346	8.44346	8.44346	8.44346	8.44346	8.44346
955	8.44346	8.44346	8.44346	8.44346	8.44346	8.44346	8.44346	8.44346	8.44346	8.44346	8.44346
956	8.44346	8.44346	8.44346	8.44346	8.44346	8.44346	8.44346	8.44346	8.44346	8.44346	8.44346
957	8.44346	8.44346	8.44346	8.44346	8.44346	8.44346	8.44346	8.44346	8.44346	8.44346	8.44346
958	8.44346	8.44346	8.44346	8.44346	8.44346	8.44346	8.44346	8.44346	8.44346	8.44346	8.44346
959	8.44346	8.44346	8.44346	8.44346	8.44346	8.44346	8.44346	8.44346	8.44346	8.44346	8.44346
960	8.44346	8.44346	8.44346	8.44346	8.44346	8.44346	8.44346	8.44346	8.44346	8.44346	8.44346
961	8.44346	8.44346	8.44346	8.44346	8.44346	8.44346	8.44346	8.44346	8.44346	8.44346	8.44346
962	8.44346	8.44346	8.44346	8.44346	8.44346	8.44346	8.44346	8.44346	8.44346	8.44346	8.44346
963	8.44346	8.44346	8.44346	8.44346	8.44346	8.44346	8.44346	8.44346	8.44346	8.44346	8.44346
964	8.44346	8.44346	8.44346	8.44346	8.44346	8.44346	8.44346	8.44346	8.44346	8.44346	8.44346
965	8.44346	8.44346	8.44346	8.44346	8.44346	8.44346	8.44346	8.44346	8.44346	8.44346	8.44346
966	8.44346	8.44346	8.44346	8.44346	8.44346	8.44346	8.44346	8.44346	8.44346	8.44346	8.44346
967	8.44346	8.44346	8.44346	8.44346	8.44346	8.44346	8.44346	8.44346	8.44346	8.44346	8.44346
968	8.44346	8.44346	8.44346	8.44346	8.44346	8.44346	8.44346	8.44346	8.44346	8.44346	8.44346
969	8.44346	8.44346	8.44346	8.44346	8.44346	8.44346	8.44346	8.44346	8.44346	8.44346	8.44346
970	8.44346	8.44346	8.44346	8.44346	8.44346	8.44346	8.44346	8.44346	8.44346	8.44346	8.44346
971	8.44346	8.44346	8.44346	8.44346	8.44346	8.44346	8.44346	8.44346	8.44346	8.44346	8.44346
972	8.44346	8.44346	8.44346	8.44346	8.44346	8.44346	8.44346	8.44346	8.44346	8.44346	8.44346
973	8.44346	8.44346	8.44346	8.44346	8.44346	8.44346	8.44346	8.44346	8.44346	8.44346	8.44346
974	8.44346	8.44346	8.44346	8.44346	8.44346	8.44346	8.44346	8.44346	8.44346	8.44346	8.44346
975	8.44346	8.44346	8.44346	8.44346	8.44346	8.44346	8.44346	8.44346	8.44346	8.44346	8.44346
976	8.44346	8.44346	8.44346	8.44346	8.44346	8.44346	8.44346	8.44346	8.44346	8.44346	8.44346
977	8.44346	8.44346	8.44346	8.44346	8.44346	8.44346	8.44346	8.44346	8.44346	8.44346	8.44346
978	8.44346	8.44346	8.44346	8.44346	8.44346	8.44346	8.44346	8.44346	8.44346	8.44346	8.44346
979	8.44346	8.44346	8.44346	8.44346	8.44346	8.44346	8.44346	8.44346	8.44346	8.44346	8.44346
980	8.44346	8.44346	8.44346	8.44346	8.44346	8.44346	8.44346	8.44346	8.44346	8.44346	8.44346
981	8.44346	8.44346	8.44346	8.44346	8.44346	8.44346	8.44346	8.44346	8.44346	8.44346	8.44346
982	8.44346	8.44346	8.44346	8.44346	8.44346	8.44346	8.44346	8.44346	8.44346	8.44346	8.44346
983	8.44346	8.44346	8.44346	8.44346	8.44346	8.44346	8.44346	8.44346	8.44346	8.44346	8.44346
984	8.44346	8.44346	8.44346	8.44346	8.44346	8.44346	8.44346	8.44346	8.44346	8.44346	8.44346
985	8.44346	8.44346	8.44346	8.44346	8.44346	8.44346	8.44346	8.44346	8.44346	8.44346	8.44346
986	8.44346	8.44346	8.44346	8.44346	8.44346	8.44346	8.44346	8.44346	8.44346	8.44346	8.44346
987	8.44346	8.44346	8.44346	8.44346	8.44346	8.44346	8.44346	8.44346	8.44346	8.44346	8.44346
988	8.44346	8.44346	8.44346	8.44346	8.44346	8.44346	8.44346	8.44346	8.44346	8.44346	8.44346
989	8.44346	8.44346	8.44346	8.44346	8.44346	8.44346	8.44346	8.44346	8.44346	8.44346	8.44346
990	8.44346	8.44346	8.44346	8.44346	8.44346	8.44346	8.44346	8.44346	8.44346	8.44346	8.44346
991	8.44346	8.44346	8.44346	8.44346	8.44346	8.44346	8.44346	8.44346	8.44346	8.44346	8.44346
992	8.44346	8.44346	8.44346	8.44346	8.44346	8.44346	8.44346	8.44346	8.44346	8.44346	8.44346
993	8.44346	8.44346	8.44346	8.44346	8.44346	8.44346	8.44346	8.44346	8.44346	8.44346	8.44346
994	8.44346	8.44346	8.44346	8.44346	8.44346	8.44346	8.44346	8.44346	8.44346	8.44346	8.44346
995	8.44346	8.44346	8.44346	8.44346	8.44346	8.44346	8.44346	8.44346	8.44346	8.44346	8.44346
996	8.44346	8.44346	8.44346	8.44346	8.44346	8.44346	8.44346	8.44346	8.44346	8.44346	8.44346
997	8.44346	8.44346	8.44346	8.44346	8.44346	8.44346	8.44346	8.44346	8.44346	8.44346	8.44346
998	8.44346	8.44346	8.44346	8.44346	8.44346	8.44346	8.44346	8.44346	8.44346	8.44346	8.44346
999	8.44346	8.44346	8.44346	8.44346	8.44346	8.44346	8.44346	8.44346	8.44346	8.44346	8.44346
