x1,x2,x3,x4,x5,x6,x7,x8,x9,x10,f1,f2,isFeasible,isFrontier
0.281376762276992,0.9431910604104567,0.6729710335855069,0.2978822888433902,0.5658496492995032,0.7007320269766354,0.4949134164804771,0.48151530042700397,0.5062544657996052,0.8942957599717825,0.893804584233899,8.889198547833502,True,False
0.4123555086786935,0.4982833482111257,0.0009919428659207836,0.4217344414663621,0.42745113015796254,0.63116825402216,0.12307956696570044,0.162617769009671,0.09697786450531244,0.7804456629501088,0.8116126578349054,7.835271209143398,True,False
0.3042445689722835,0.9101966267296622,0.058903861328413694,0.8354648291200897,0.2564504201515972,0.03351541415267161,0.09325063783968976,0.2988032579413967,0.023248237080918648,0.5424299138162939,0.9940607817443334,7.742522053201257,True,False
0.5468276597002283,0.9468391348986525,0.08290218144966525,0.7836166278493637,0.6315247089041386,0.5756935141673061,0.43459844912442674,0.6082147335159824,0.040576298930209705,0.018549137551652554,0.976162250649983,8.29071852734633,True,False
0.5399455879327714,0.024001653790539347,0.8037555005025184,0.7726578301172294,0.7853190553151612,0.22836056696746834,0.8870024166047581,0.027484665781351027,0.5129949737361496,0.232611762253567,0.9882079440398619,8.356006654009397,True,False
0.8042445689722835,0.4101966267296622,1.1849314067095475e-20,0.9999999999999999,4.1225969835704285e-19,1.1456261539453862e-17,6.266949776944141e-19,2.893568906591057e-19,3.8480978261439134e-32,1.0,0.9991962142151652,7.340756297797988,True,False
0.9123555086786935,0.0,0.0,0.0,0.0,0.9999999999999999,0.0,5.936567149000267e-17,0.013491768387828538,1.0,0.9745045456898942,7.057610263937342,True,False
0.4123555086786935,0.4982833482111257,0.0009919428659207836,0.4217344414663621,0.42745113015796254,0.63116825402216,0.12307956696570042,0.162617769009671,0.09697786450531244,0.7804456629501088,0.8116126578349054,7.835271209143398,True,False
0.0,0.0,3.3144416698909676e-16,0.9217344414663621,0.9274511301579625,1.0,0.0,0.0,0.5969778645053124,1.0,1.0,8.428307002150929,True,False
0.9123555086786935,0.0,0.0,0.125,0.125,1.0,0.0,5.936567149000267e-17,0.013491768387828538,1.0,0.9745045456898942,7.244685888668159,True,False
0.4123555086786935,0.4982833482111257,0.5009919428659207,0.4217344414663621,0.42745113015796254,0.63116825402216,0.12307956696570044,0.162617769009671,0.5969778645053124,0.7804456629501088,0.8116126578349054,8.334876074734181,True,False
0.4123555086786935,0.4982833482111257,0.5009919428659207,0.4217344414663621,0.42745113015796254,0.63116825402216,0.12307956696570042,0.162617769009671,0.5969778645053124,0.7804456629501088,0.8116126578349054,8.334876074734181,True,False
0.4123555086786935,3.9553813909286414e-32,3.984680512342928e-31,5.87447384356439e-31,2.1095367418286087e-31,0.9999999999999996,1.2891613422285942e-31,1.9608913209889779e-16,1.6923753321894223e-17,0.5,0.8116126578349054,6.652907568858459,True,False
1.0,0.5,2.7755575615628907e-17,1.6893045928517018e-17,0.5,0.9999999999999998,0.5,7.185271829451663e-17,0.5134917683878285,1.0,1.0,8.234964186313922,True,False
0.9123555086786935,0.9982833482111257,0.0,1.9306233058414564e-18,0.9274511301579625,0.13116825402216004,0.6230795669657004,1.3181827072106837e-32,0.5969778645053124,1.0,0.9745045456898942,8.360408573839976,True,False
1.3849183078415385e-17,0.6517333927552048,0.5009919428659204,0.0,0.9274511301579625,0.7690754012238955,0.0,0.0,2.687904903388746e-16,0.28044566295010875,1.0,7.784861805711781,True,False
5.003293030516559e-16,4.4702551865710324e-32,3.9157535061671956e-31,4.195561393749491e-31,1.690156954234687e-31,0.9999999999999996,1.6340487666577824e-31,2.4358935275254563e-16,1.1361862192974186e-17,1.8840624953276717e-18,1.0,6.034761944910223,True,False
0.4123555086786935,0.4982833482111257,0.0009919428659207836,0.4217344414663621,0.42745113015796254,1.0,0.12307956696570042,0.162617769009671,0.5969778645053124,1.0,0.8116126578349054,8.37446721260635,True,False
0.4123555086786935,0.4982833482111257,0.5009919428659207,0.4217344414663621,0.42745113015796254,1.0,0.12307956696570042,0.162617769009671,1.0,1.0,0.8116126578349054,8.74699452386944,True,False
5.003293030516559e-16,4.4702551865710324e-32,3.9157535061671956e-31,4.195561393749491e-31,1.6901569542346868e-31,0.9999999999999991,1.6340487666577824e-31,2.4358935275254563e-16,1.1361862192974186e-17,1.8840624953276717e-18,1.0,6.034761944910222,True,False
5.003293030516559e-16,4.4702551865710324e-32,3.9157535061671956e-31,4.195561393749491e-31,1.6901569542346868e-31,0.9999999999999996,1.6340487666577824e-31,2.4358935275254563e-16,1.1361862192974186e-17,1.8840624953276717e-18,1.0,6.034761944910223,True,False
7.913422597815143e-19,3.7022849337151123e-19,2.8290724832130605e-21,4.321417966366718e-19,8.043921458062011e-20,0.13116825402216004,6.38518588558e-31,0.662617769009671,0.5969778645053124,1.0,1.0,7.327216759434276,True,False
7.913422597815143e-19,3.7022849337151123e-19,2.8290724832130605e-21,4.321417966366718e-19,8.043921458062011e-20,0.13116825402216004,6.38518588558e-31,0.6626177690096708,0.5969778645053124,1.0,1.0,7.327216759434275,True,False
0.28178459647503135,0.5974632254651319,0.16484652229153055,0.36207165808280767,7.533756657716763e-17,1.0,0.037879845397642706,1.0047152002192361e-22,0.5083359300827079,0.7441183630370362,0.8972383675566487,7.963672181986197,True,False
0.3441038950355523,0.5682121773272166,0.0009919428659207836,0.4217344414663621,0.42745113015796254,0.63116825402216,0.12307956696570044,0.162617769009671,0.09697786450531244,0.7804456629501088,0.999983035460095,7.830949724410122,True,False
1.9062556897219242e-16,4.4702551865710324e-32,3.9157535061671956e-31,4.195561393749491e-31,1.6901569542346866e-31,0.9999999999999988,1.6340487666577824e-31,1.6273149888265984e-16,1.1361862192974186e-17,1.8840624953276717e-18,1.0,6.034761944910222,True,False
0.9123555086786935,3.9553813909286414e-32,3.984680512342928e-31,5.87447384356439e-31,2.1095367418286087e-31,0.9999999999999992,1.2891613422285942e-31,3.581193733488851e-16,2.961656831331489e-17,3.8027357964640275e-17,0.9745045456898942,6.042886485269374,True,False
0.9123555086786934,2.843481808145793e-29,0.00022154854702224362,0.2376198157217032,0.9274511301579625,0.5,2.529106973504902e-30,0.6626177690096708,0.5977482588242979,0.5000000000000001,0.9745045456898943,7.95147149453106,True,False
0.0,4.132933630763436e-17,2.561611085158473e-16,0.0,4.256622511887623e-17,0.4999999999999991,7.450579737944185e-09,0.0,4.9758277487688805e-17,0.0,1.0,5.183186313840423,True,False
0.5453922311871374,4.0734044909126167e-32,4.1189973604466805e-31,5.771618771429793e-31,2.029997704102925e-31,0.9999999999999996,1.275608117335662e-31,2.036393663351769e-16,1.7329320511977918e-17,0.5142345944606275,0.9790989146004384,6.622358021176074,True,False
0.5517046316065216,4.3301167543284363e-32,3.984680512342928e-31,5.87447384356439e-31,2.1095367418286087e-31,0.9999999999999996,1.3886978418099069e-31,1.9608913209889779e-16,1.7362619914716395e-17,0.522456480547229,0.964669960796429,6.634471524829798,True,False
0.5517046316065216,4.330116754328436e-32,3.984680512342928e-31,5.87447384356439e-31,2.1095367418286087e-31,0.9999999999999996,1.3886978418099069e-31,1.9608913209889779e-16,1.7362619914716395e-17,0.522456480547229,0.964669960796429,6.634471524829798,True,False
0.0,3.9267717890850207e-19,5.724134257621598e-16,0.0,3.1681485278660697e-19,3.0458384948436946e-16,4.9630831031227794e-24,2.5846283752806663e-17,0.0,0.0,1.0,0.0018009630371932264,True,True
5.085003437471152e-26,4.175086278948233e-18,6.751386823224859e-16,4.135903062765043e-25,5.734056712083507e-17,0.9999999999999991,2.87804254891985e-05,1.0285575569695016e-38,1.4311915566510295e-16,0.5,1.0,6.602378687190384,True,False
4.4982599528741147e-32,1.729884875353423e-31,1.0,1.163392425389661e-29,1.4995466615184001e-31,1.0,0.6230795669654451,6.153865294867572e-13,0.5,1.0,1.0,8.285370423764316,True,False
4.4982599528741147e-32,1.3843376838105506e-31,1.0,9.310029808761838e-30,1.200009886061415e-31,1.0,0.6230795669655997,7.105814187984163e-13,0.5,1.0,1.0,8.28537042376443,True,False
0.49999999999999895,3.881341953291715e-19,1.0332263648197716e-15,0.4999999999999773,2.401657925183787e-19,4.443389646794501e-16,7.065837684571776e-24,6.155841313750158e-17,1.00610164124035e-14,7.757275139458696e-17,1.0,5.1831862969984375,True,False
0.49999999999999173,3.1082646117481577e-19,8.901069413897175e-16,0.49999999999999734,6.527902737954842e-19,3.0458384948436946e-16,1.1961635557670503e-23,8.55158730285382e-17,0.0,4.175675926168687e-15,1.0,5.183186296998469,True,False
0.49999999999999134,3.1082646117481577e-19,8.901069413897175e-16,0.49999999999999717,6.527902737954842e-19,3.0458384948436946e-16,1.1961635557670503e-23,8.55158730285382e-17,0.0,4.876685207598645e-15,1.0,5.1831862969984694,True,False
0.3773549129748392,3.187505745076441e-08,0.0026517841381826597,0.01895025973632726,0.06509031543760957,0.9030682997542573,0.015998037749576973,0.1389612778268947,0.076124593499388,0.9960640693525628,0.9643502862377642,7.213740097997164,True,False
0.49999999999962685,3.9271121441901554e-19,6.668646330984351e-16,9.960912414375217e-16,1.9765079059380083e-19,6.178061214356075e-16,6.551216644259709e-24,8.935615936994609e-18,2.0885848311063184e-17,5.020406478715649e-16,1.0,0.002391954769683332,True,False
0.7604047989701932,3.3821241952779574e-19,2.096161261061706e-15,1.4767646544242743e-19,7.391667260581844e-19,4.918694448531481e-16,7.949171029844131e-24,1.734318167704978e-16,3.0674890281889953e-15,2.7465453872314403e-15,0.9574792335802693,0.08626219701367163,True,True
0.09254384428114885,0.0,0.0,0.0,0.0,1.4635122486840654e-30,5.5511151231257605e-17,2.359149571174052e-33,0.0,1.1102230246251537e-16,0.3693844248039905,0.8642259186091013,True,True
0.12918524628298084,1.4486946827611019e-18,1.6328350647907148e-15,5.137986023315554e-18,4.581054414027702e-20,8.650254181558579e-21,4.975466281660373e-24,9.115062769210808e-17,0.4999999999999999,2.7286668762509146e-14,0.9553542771638278,5.199444684020351,True,False
0.7384732901776002,0.33210771292405555,0.0019097648398694635,0.6339852312695892,0.42745113015796254,0.6320968955513655,0.11394672367345801,0.10755580995558965,0.2444972304029361,0.7342228951159937,0.9547993954437319,7.8503247416327495,True,False
0.7383694075654661,0.332256662972431,0.0039725561598402724,0.6336538180767101,0.42745113015796254,0.6320983590475743,0.11406257726273053,0.1076303613630137,0.24389541788365857,0.7342496145488328,0.9548982850450641,7.851120095902609,True,False
0.19309801446957925,0.03035441917773823,0.031677242634434846,1.971016303349008e-25,0.015572503044210621,1.4732490962612692e-30,4.832899818093193e-17,1.958946356403414e-33,0.009988492107942573,1.7430453509583323e-16,0.9944999186746093,3.568377544662703,True,False
0.19049323362973272,3.908116697432979e-19,9.763744522488282e-16,3.4188938880630145e-23,2.3619993182248186e-19,4.556364618388598e-16,3.094318165234219e-24,1.6233288434017238e-17,1.7058717214486052e-22,1.307641287931272e-22,0.996873508995588,0.008263397227766872,True,True
0.0534652316269561,0.001872921672358314,7.175573288491864e-05,2.3949240746252695e-17,7.664363692630497e-06,1.4620502456580458e-30,5.752016469831142e-17,2.4433864307614637e-33,2.5753503017683723e-17,1.0991586683420928e-16,0.7046830259899287,1.8549049143060834,True,False
0.053465335910270625,0.001872292138616167,7.114875552542046e-05,2.39490598248714e-17,7.66423126488567e-06,1.462051087532658e-30,5.751978557739969e-17,2.4433559285247557e-33,2.575306280350367e-17,1.0991332175567447e-16,0.7046809509120942,1.8547136827453046,True,False
4.8888334803773176e-14,1.7478371261531643e-13,9.622569477499103e-14,3.034764241612221e-14,0.5,6.452319760530932e-14,7.450699272129992e-09,4.559189555834503e-14,2.435619008087663e-13,2.1164976901503445e-13,1.0,5.183186313842653,True,False
0.2560920565015348,4.427988290243158e-17,0.5,2.2472104391315312e-13,0.5,1.5818710455250868e-30,5.657261427828539e-17,2.4889692086820853e-33,7.356126890408106e-14,2.8730752169244736e-16,0.654932429765148,6.126926158035713,True,False
0.13853266848225407,1.8189209779538577e-13,0.0,4.090354048527155e-12,0.0,1.405596125506722e-30,5.223101894824616e-17,2.271065294331811e-33,0.0,1.1102230246251537e-16,0.9903786481470762,0.03389375294986612,True,False
0.13853266847189247,1.8189209782248424e-13,0.0,4.090354048186178e-12,0.0,1.4055961255714359e-30,5.2231018946729826e-17,2.271065294149804e-33,0.0,1.1102230246251537e-16,0.9903786481274479,0.033893752988186934,True,False
0.018036564923957228,2.6575225387334484e-18,0.5,0.12005768667187253,9.530419566624532e-14,1.0294001880017666e-30,3.267645424923352e-17,1.2207239577417335e-33,0.03688153004595463,1.0981536010649867e-16,0.9987206091305334,5.5023648975307795,True,False
0.07502866199553242,1.017163546865834e-19,0.5,0.11793856540965174,1.8184738586365748e-20,2.132139811982883e-30,3.018176155888083e-17,1.1242027808107932e-33,0.07953713065580074,8.12300980387739e-17,0.3119753283483223,5.731653412341396,True,False
0.9999999997303489,2.844030442756482e-19,7.578157124574924e-15,1.3286259344166138e-19,6.842461975847986e-19,5.823820324105949e-16,1.3061168415761126e-23,2.128760868661106e-16,5.730443000423663e-15,9.795481203484657e-17,1.0,0.003584406441504071,True,False
0.9999999997303489,2.844030442756482e-19,1.3261774968006119e-14,1.3286259344166138e-19,6.842461975847986e-19,5.823820324105949e-16,1.3061168415761126e-23,3.725331520156936e-16,5.730443000423663e-15,9.795481203484657e-17,1.0,0.003906572533015914,True,False
8.528906301817897e-14,2.7491428044794433e-13,6.363506745110928e-14,0.49999999999995,0.17517136784355344,4.484856504981349e-14,2.75305307617764e-14,0.4999999999999943,1.6209587788099332e-14,0.49999999999998745,1.0,6.766799690371706,True,False
0.5925438442811488,1.0673333075364874e-13,0.5,4.539395162602224e-12,1.56858599710421e-13,3.570967459266557e-30,1.444284957818526e-16,2.7832528410891787e-33,0.45304791044816317,1.682013157582143e-16,0.9146554625174285,5.997670338797404,True,False
3.822434038860904e-10,2.0940481428456464e-19,1.357517991816326e-16,9.69975699949355e-12,2.938797679746762e-19,2.6480649835304164e-16,5.279083287534037e-24,1.0862209012635885e-16,0.01858216569392468,0.4999999997170862,1.0,5.224607789074889,True,False
1.0810979315113227e-13,3.5767485345171e-19,6.354334331871993e-16,9.657488152386996e-10,2.6901708264992285e-19,3.434848845002027e-16,2.136476272818816e-24,6.814026207885306e-17,0.1892662966061014,0.45033664299213916,1.0,5.469769402116923,True,False
0.22272012048802542,1.0056561038719279e-19,0.3784525909274517,0.07357934371440504,1.5300008461003354e-20,2.753252947795126e-30,3.1525688704905775e-17,1.036949208558468e-33,0.2119883834051629,9.080378184080617e-17,0.8212499128365285,5.57206677959734,True,False
0.22272012048799597,1.0056561038719279e-19,0.3784525909273869,0.0735793437143911,1.5300008461003354e-20,2.753252947795126e-30,5.516995523358377e-17,1.036949208558468e-33,0.21198838340513745,9.080378184080617e-17,0.8212499128368437,5.57206677959706,True,False
0.5750286619955324,6.605082457182316e-20,1.0,0.28524870838415656,3.3013213184591585e-16,0.059960472082471246,3.119334517677005e-16,0.15780612872414287,0.029894446328024932,0.015078850617021286,0.9068859861882429,6.674919562208954,True,False
0.25318732411267,4.364209890140512e-19,1.0418171965643642e-15,2.47405794305084e-12,3.1383503847020467e-19,4.1120650365983524e-16,4.929969000014622e-24,2.1369294602228426e-17,0.1145596692072021,1.6335798331854266e-11,0.6406953014917236,3.9209760273303873,True,False
0.5750286619955198,5.09595565953658e-20,1.0,0.11793856540965174,1.8184738586365748e-20,2.132139811982883e-30,3.018176155888083e-17,1.9767626404776172e-33,1.6954910427394305e-09,1.9312730737694483e-16,0.906885986188259,6.213353583131075,True,False
0.5750286619955198,5.0890200996996397e-20,1.0,0.11793856540965174,1.8184738586365748e-20,2.132139811982883e-30,3.018176155888083e-17,1.977352578751912e-33,1.7594578455834935e-09,1.9303612129509482e-16,0.906885986188259,6.2133535832090665,True,False
2.4942506666776138e-11,6.728649726965987e-19,1.1608855785914248e-15,0.49999999742755213,1.7517268201480776e-19,4.157596029382823e-18,4.013344589206473e-24,2.4243912188520597e-17,1.706204542015313e-12,7.783073440801663e-13,1.0,5.183186291189088,True,False
0.29902147177240684,3.9213504878202186e-19,1.1198633948850391e-15,4.651416788733671e-15,3.179152792062234e-19,5.410541261521277e-16,5.358938512519201e-24,2.3831089410912697e-17,3.4738414446039717e-17,3.7449466914657904e-18,0.9855206256823252,0.03164134822445493,True,True
0.8285139133838711,3.197112652633553e-19,3.709961324009366e-15,1.5321024514509915e-19,7.388308051015863e-19,8.51159744406996e-16,7.925535516844387e-24,1.7392968260124614e-16,5.390134687520493e-15,2.779753367497533e-15,0.999999979727177,0.0034997439641640217,True,False
0.8285139133838711,3.197112652633553e-19,3.709961324009366e-15,1.5321024514509915e-19,7.388308051015863e-19,8.51159744406996e-16,7.925535516844387e-24,1.7392968260124614e-16,5.390134687520493e-15,2.7797533674975325e-15,0.999999979727177,0.0034997439641640217,True,False
0.499999999999612,6.926585437828593e-14,9.06438219729827e-15,9.220469783612366e-15,0.26968078056775624,3.850270151960069e-15,4.598495737034534e-13,3.5247905334903653e-15,2.375296189326482e-14,5.3396287275017254e-15,1.0,4.533734553714304,True,False
0.092156602733852,3.9409543992558498e-19,4.994043505405818e-16,7.198864515829814e-11,3.3416513791118537e-19,5.619149367484005e-16,3.941371587269973e-24,2.5093268162313828e-17,0.002127406213067361,1.3114391450514103e-18,0.3636417313795457,2.053454818166862,True,False
0.08881991692512242,8.072517963788591e-18,0.009661544831248448,0.0016175818183326732,0.004287242861879368,1.4430538594211755e-30,4.8142511420493385e-17,2.4069784814561157e-33,0.0,1.1153723215423797e-16,0.32119671786924175,2.7990059309025868,True,False
0.20644635814625048,1.2894243237399872e-19,0.5804063443729843,0.19871598985398886,8.197419087020435e-21,1.9061545420852013e-30,5.3716419271606785e-17,7.724719744268903e-34,0.11809541994498278,1.5738358207139139e-16,0.9561252478144632,5.906231082212397,True,False
0.23304336585421678,3.976128199275535e-19,1.1152672904326716e-15,3.3882924146323854e-09,2.7590742836648355e-19,3.6845261541182816e-16,6.423356159658625e-24,3.573483736516345e-17,2.819261140544177e-17,0.2870274668733911,0.7117764836009658,4.697844851501842,True,False
0.9999999999998525,3.194580441822911e-19,9.054087077746681e-17,2.2874603731429064e-19,7.07926201359503e-19,1.951766290878659e-15,1.3018944248364711e-23,2.007769301109443e-16,2.040980340617548e-14,5.7505660427418705e-15,1.0,0.004261838516982086,True,False
2.042810365310288e-14,0.0,0.0,0.0,0.0,0.0,0.5,0.0,0.0,0.0,1.0,5.183186296998462,True,False
0.24085964163897688,4.890329098515052e-19,5.044333029693962e-16,2.606798746507322e-11,3.1173201592817983e-19,3.6814325754899123e-16,4.634258980753691e-24,2.290545399831088e-17,8.732011908391458e-11,1.7088122003961887e-12,0.6510881453407671,0.6001979259917349,True,False
0.16834619594516653,3.85694888372741e-12,0.4369277719548472,0.0,0.0,9.580100547829603e-31,8.665391832192418e-17,6.9878178249784305e-34,0.0,1.1408576938224548e-16,0.99999999948708,5.033184677770293,True,False
0.16834658199842065,3.856948061964457e-12,0.4369278208589502,0.0,0.0,9.580100547829603e-31,8.665391832192418e-17,6.987817824978431e-34,0.0,1.1408576938224548e-16,0.9999999994863732,5.033184800312798,True,False
0.06212438769007711,1.0483110003071588e-19,0.47971282365075807,0.1047134715333355,1.7777241482232045e-20,1.5368947645895179e-30,3.0073933847619375e-17,1.2235580418276737e-33,0.19107853834402153,6.708038498178655e-17,0.5235115229890814,5.829520662964635,True,False
0.24346862320246454,3.9083610164029113e-19,5.483961186756354e-16,2.223269482806769e-09,3.120192685847387e-19,2.8966364699592044e-16,4.9849781265427736e-24,2.7177582790443328e-17,4.1208243210938925e-10,6.346768948565802e-09,0.6392105262412775,0.6616690325406667,True,False
0.3867735495751654,3.9287765300305585e-19,1.7131527567770876e-15,3.3952409842145184e-23,2.2933987899983153e-19,4.352015646580395e-16,3.0801048727208926e-24,1.6085886799193515e-17,1.6906978834726617e-22,1.299005320391829e-22,0.9222864627924556,0.15146088151936923,True,True
0.3867735495751654,3.9287765300305585e-19,1.7131527567770876e-15,3.3952409842145184e-23,2.293398789998316e-19,4.352015646580395e-16,3.080104872720893e-24,1.6085886799193515e-17,1.690697883472662e-22,1.299005320391829e-22,0.9222864627924556,0.15146088151936923,True,True
0.5750286619908482,4.8223620256011705e-15,0.9999999999657798,1.317096626153996e-12,0.4999999999998362,0.49999999999988204,0.4999999999999986,0.31080371323633743,0.5258595448139719,2.75920485880982e-13,0.9068859861942837,7.92028158854506,True,False
0.2471109350274323,3.928895392550448e-19,1.0115206011286123e-15,9.4039548065783e-38,3.165590688579901e-19,5.337703026023797e-16,5.448100511365382e-24,2.5429704976516907e-17,4.7568140596452606e-21,2.0738491543177194e-09,0.6311425518542795,0.6502189814126565,True,False
0.7604047989701932,3.3821241952779574e-19,5.187430795190347e-15,1.2236982444130978e-19,5.509987306449989e-19,4.918694448531481e-16,7.949171029844131e-24,1.734318167704978e-16,9.744536510473703e-16,2.7465453872314403e-15,0.9574792335802693,0.08634663579074452,True,False
0.10036666459425722,9.720679165940067e-20,0.1569305855515106,0.1559211584528132,1.6536316039535155e-20,2.08389149243765e-30,3.2148876539533394e-17,1.0934161908716864e-33,0.09077001262215839,1.42902426131274e-16,0.5113897280389215,5.090807561557033,True,False
0.2511083592800054,3.939420013533933e-19,5.678178628784515e-16,7.472112436680873e-10,3.1688453072893697e-19,5.323946893809653e-16,4.972394124741306e-24,2.5917376092712533e-17,1.2485330850150214e-10,6.367576796971903e-19,0.6342272241682767,0.6370391399642941,True,False
0.0880062257603679,8.156172930695966e-18,0.02175837820231179,0.003050427561938768,0.008316899472862486,1.4512213007222873e-30,4.297289711574236e-17,2.4016070749894375e-33,0.0007378578335090313,1.9698628421841688e-16,0.3129377299260311,3.198697500129146,True,False
0.08799498394966793,8.154191333373558e-18,0.02175295609982968,0.0030522759569215786,0.008318218705854152,1.4508631956715174e-30,4.296850414992563e-17,2.4011673851113765e-33,0.000737457984428481,1.9696364752164394e-16,0.3128297763690495,3.198674330309329,True,False
0.18825004146329236,6.507068398787572e-14,2.276524020978579e-14,0.07902814267562962,1.7778979488790503e-14,2.1209474626928678e-14,1.3228920561144338e-14,0.49999999999998596,9.369224343872778e-14,2.4868995751288978e-14,0.9981919294321245,5.352607530416173,True,False
0.08537708740229694,5.539015768167398e-10,5.58380233748628e-09,0.1771439970192981,0.1745564075316112,1.5486507080684619e-30,4.9511138665457636e-17,2.310511949538409e-33,4.2325313931388076e-11,1.2004105032674267e-16,0.29246042447268117,4.984419587271275,True,False
0.092156602733852,3.438629081488395e-19,4.994043505405818e-16,1.9517061218073942e-11,3.3416513791118537e-19,5.621421976482362e-16,3.941371587269973e-24,2.5093268162313828e-17,0.002127406213067361,1.3114391450514103e-18,0.3636417313795457,2.053454811082523,True,False
0.092156602733852,3.438303622423778e-19,4.994043505405818e-16,1.4522804974965548e-11,3.3416513791118537e-19,1.1379907317451753e-15,3.941371587269973e-24,2.5093268162313828e-17,0.002127406213067361,1.3114391450514103e-18,0.3636417313795457,2.0534548104083115,True,False
0.07238882061540572,3.759644013544839e-10,9.911314304183586e-09,0.05760373907738145,0.1046836896340517,1.914979613706638e-30,4.8365540640617054e-17,2.450194714732362e-33,7.718106708813052e-11,1.185349284755983e-16,0.3417361435978561,4.270847167583568,True,False
0.11042977130436087,4.5312366740180015e-19,1.0453734150941823e-15,0.1771954738119987,2.986148201070094e-19,1.8592169402605318e-16,4.647422035493114e-24,2.882539565895585e-17,7.284850217954755e-11,1.970238368962423e-09,0.7166103715865078,4.253803443130711,True,False
0.0639566464482012,2.2869582442574536e-16,0.03381221482141218,0.05467857915415765,0.11946838307727695,1.4545120158882701e-30,4.99254734201312e-17,2.515037448565198e-33,0.05122790606097818,1.5605248342232161e-16,0.4858599373516901,4.657389550150763,True,False
0.0639566464482012,2.2869582442574536e-16,0.03381221482141218,0.05467857915415766,0.11946838307727695,1.4545120158882701e-30,4.99254734201312e-17,2.5150374485651977e-33,0.05122790606097818,1.5605248342232161e-16,0.4858599373516901,4.657389550150763,True,False
0.248793444916138,3.8813309135465535e-19,9.989798372641765e-16,8.356465123892966e-25,3.114599283577239e-19,3.028584403251791e-16,4.905051746645585e-24,2.5978630583619283e-17,2.603137816618885e-26,1.2956348668291408e-26,0.6309140183035888,0.6033340164012151,True,False
0.42463293089372595,3.908116697432979e-19,9.763744522488282e-16,3.4188938880630145e-23,2.311329203680318e-19,4.547404441187321e-16,3.094318165234219e-24,1.6192897625549595e-17,1.7058717214486052e-22,1.307641287931272e-22,0.8290581842415041,0.31437211552806543,True,True
0.42463293035661914,3.197112652633553e-19,3.709961324009366e-15,1.5321024514509915e-19,2.311329203680314e-19,4.547404441187335e-16,7.925535516844387e-24,1.6192897625549604e-17,5.390134687520493e-15,2.779753367497533e-15,0.8290581823031667,0.31558336930559533,True,True
0.13653567858081736,1.7320005444774175e-10,7.27310560659473e-09,0.6713155112147687,0.6745564075316101,1.4103618344529282e-30,7.652572150237684e-17,1.2406702039654812e-33,2.2190440080446396e-11,1.8399518554951085e-16,0.985969592885235,6.449343353723201,True,False
0.07953964705324132,9.55745897855704e-18,0.019368304782428465,0.022392398348636558,0.03266426351217467,1.605520409766391e-30,4.682028382639101e-17,2.2083425433160596e-33,0.0016981937951114105,1.8391126214927962e-16,0.2835969999308332,3.7077956899677287,True,False
0.7559018844443904,4.1090339894202627e-19,7.778605927875573e-16,1.741735590683443e-15,1.9862241291904453e-19,1.1051356318155565e-15,6.385883858976035e-24,8.702395348101336e-18,2.070501873841672e-17,5.212593968425047e-16,0.953150393135455,0.09402369016546362,True,True
1.6786572132332367e-13,0.4999999999999903,9.923620343285487e-14,6.834532939592464e-14,1.4788199201343837e-13,1.5295199581098745e-13,1.582733943950291e-13,1.415100839136075e-13,1.3749001936957939e-12,1.3029577417000836e-13,1.0,5.18318629700358,True,False
0.09173205854568772,7.32437586143808e-09,4.91806062325578e-23,0.0012340619670608934,1.6418776594962932e-07,1.476982361646881e-30,1.017989337605016e-16,2.349840597883532e-33,1.9656906467719216e-18,1.0689205837832431e-16,0.35752843306456505,1.9091806319920612,True,False
0.10965517041236071,0.0005479341195262086,8.110667814757336e-11,0.0,8.503459938634361e-08,1.4659530720375111e-30,5.5511151231257605e-17,2.363868099956657e-33,2.6228848109361087e-10,1.1102798577194442e-16,0.7016775228094219,1.5207385858556473,True,False
0.10965517041236071,0.0005479341195262086,8.110667814757336e-11,0.0,8.503459938634361e-08,1.465953072037511e-30,5.5511151231257605e-17,2.363868099956657e-33,2.6228848109361087e-10,1.1102798577194442e-16,0.7016775228094219,1.5207385858556473,True,False
0.0692532574570515,1.0038097350666357e-17,0.07043972039615914,0.04733517779269489,0.060177343548123256,1.645489298310627e-30,8.419593504188882e-17,2.3126009143235055e-33,3.525179770970168e-17,1.2781791880637237e-16,0.3878990163171975,4.340482308321104,True,False
0.053145804820856006,3.900497057016032e-19,1.0084829862711531e-15,6.138596108905174e-16,3.167034782605446e-19,5.25176668372406e-16,3.3430218120105095e-24,2.6411708032658572e-17,4.240508351632583e-17,0.1821085569105499,0.7110152730008084,4.279369152046373,True,False
0.08035139700146625,8.740140051825207e-18,0.019707980889957562,0.004117876711203809,0.012394105075703227,1.6080389999644704e-30,4.172726719605196e-17,2.1634487601042252e-33,0.0029348981166251106,1.1777372362555025e-16,0.2817148615557925,3.2874504435687055,True,False
0.07849701684836159,8.83024171518396e-18,0.026281648220361203,0.012800009548298167,0.018880599408427855,1.6247488248648683e-30,4.201234276784352e-17,2.162534981100607e-33,0.0029109546119307993,2.117720074080941e-16,0.28748508692624164,3.5579230859917748,True,False
0.20404842149760294,6.420391267236384e-12,0.12333488071231599,7.333086887595056e-12,0.17261670526535894,2.232749326140133e-12,2.829785361814963e-12,1.605663240950282e-12,2.0860302671082932e-11,2.67299374692286e-12,0.9673425314322605,4.638907690187856,True,False
0.24895521063465242,3.9048893934984625e-19,9.965754562955036e-16,2.5223044329678055e-16,3.257576077676824e-19,3.0750809754944076e-16,4.988384377125993e-24,2.5551200737909822e-17,1.9923565070448844e-16,7.261640459102677e-13,0.6310095281699281,0.6085285428226411,True,False
0.08799498394966793,3.97522357884833e-18,0.02175295609982968,0.012914464252633805,0.01835668839698648,9.756219693246216e-31,8.931604079550346e-17,2.4011673851113765e-33,0.000737457984428481,1.9696364752164394e-16,0.3128297763690495,3.4741281764164644,True,False
0.08799498394966793,3.975225631827616e-18,0.02175295609982968,0.012910648714407159,0.018351303493345825,9.756319707578965e-31,8.931590337574457e-17,2.4011673851113765e-33,0.000737457984428481,1.9696364752164394e-16,0.3128297763690495,3.474020267771388,True,False
0.08093596933971352,8.623480886324796e-18,0.01805163423840863,0.007209744898144824,0.01050735264738318,1.6002604951063783e-30,4.106973441983044e-17,2.1664089170940956e-33,0.002339241249283363,1.1760727493110774e-16,0.28098435891698526,3.2718541455316497,True,False
0.03985239324867898,1.0229227704688756e-13,1.0768797511666088e-12,2.0345503106804976e-13,0.14128870044913985,1.4201651701459706e-30,5.74597898856626e-17,2.2971397040510747e-33,2.2022870618464603e-14,1.1033493724934123e-16,0.9138119181729178,3.986228484705798,True,False
0.42860451386291176,3.9061539406333436e-19,9.880946729103337e-16,3.396472009569449e-23,2.300759648771152e-19,7.989757064354095e-16,3.1232910684617466e-24,1.623927281120387e-17,1.7189562146563466e-22,1.3441439678423359e-22,0.8455096770965308,0.2869489880230561,True,True
0.42860451386291176,3.906153940633343e-19,9.880946729103337e-16,3.396472009569449e-23,2.300759648771152e-19,7.989757064354096e-16,3.1232910684617466e-24,1.623927281120387e-17,1.7189562146563466e-22,1.3441439678423359e-22,0.8455096770965308,0.2869489880230561,True,True
0.36853741373782484,1.1020738246848114e-12,0.0,0.3473421706529217,0.5105073526473832,2.8681815119412644e-10,0.49999999997053457,0.0,0.022564188752294243,0.49999999977723114,0.9874967109094365,6.947144964330695,True,False
0.08055637641153832,3.079975827508761e-20,0.012308525745209862,2.922169737786862e-13,0.015975346514216095,1.3635377152243402e-30,4.343160449161152e-17,1.8117837740002285e-33,1.5942957109543662e-16,1.3686335908718546e-16,0.2813990427185773,3.105625873316982,True,False
0.09173205854568772,7.32437586143808e-09,4.91806062325578e-23,0.0024968944877227007,1.6418776594962932e-07,1.476982361646881e-30,1.017989337605016e-16,2.349840597883532e-33,1.9656906467719216e-18,1.0689205837832431e-16,0.35752843306456505,2.102417525396861,True,False
0.02097791265439285,3.2004529600800194e-19,1.0006139784051281e-15,6.750940802556942e-13,3.1301327425735475e-19,3.051978956104536e-16,5.164299512680313e-24,2.552661759997479e-17,1.6035095654551766e-18,1.9259299443872376e-34,0.9969961789126008,0.015373075275157267,True,False
0.030741236607930437,3.9919342489517205e-19,9.8222740220243e-16,6.626504988286181e-16,3.48314643129582e-19,3.0903931356246327e-16,4.652991902178449e-24,2.5173208800508153e-17,1.3465353159343668e-11,2.624510676556377e-16,0.9761636446889114,0.06645047559278022,True,False
0.08422924696737501,6.9063883109789016e-09,5.070446204927747e-23,0.0026556313654277327,2.991600547551741e-07,1.629300143150421e-30,1.0305105076301968e-16,2.69035073790744e-33,2.1262533524666846e-18,2.0216543849713847e-16,0.2866425123534614,2.1419075676499353,True,False
0.08422661394138448,6.191589255853788e-09,5.090472458010615e-23,0.0026878732313991745,5.698631045692372e-07,1.6448926029871207e-30,1.842439563631315e-16,2.6877351776225767e-33,2.1231796190049893e-18,2.0156310739246465e-16,0.2866314166257158,2.1455660173624977,True,False
0.23725282202655934,3.476173586582299e-12,0.12479060741922271,6.499544855996759e-12,1.8929974818905044e-12,2.3016343350695324e-12,2.343975478021659e-12,1.862158612394706e-12,2.5045918859551217e-12,2.7932658832802984e-12,0.674992000315249,3.9769140928305835,True,False
0.08072512524145119,1.4416855108512168e-11,8.526660867514573e-05,9.993489626332605e-14,6.702842480014022e-13,1.3747254667083718e-30,9.667814155601834e-17,2.187229656835488e-33,1.3959889427759e-14,1.9830286317706316e-16,0.2811873978995908,1.4465824390115003,True,False
0.24085964163897688,4.890329098515052e-19,4.618598329308597e-16,2.428361164381855e-11,3.1173201592817983e-19,3.6814325754899123e-16,4.634258980753691e-24,2.290545399831088e-17,8.732011908391458e-11,1.7088122003961887e-12,0.6510881453407671,0.600104377066679,True,True
0.24085964163897688,4.890329098515052e-19,4.510560962343529e-16,2.5269996657339008e-11,3.1173201592817983e-19,3.6814325754899123e-16,4.634258980753691e-24,2.290545399831088e-17,8.732011908391458e-11,1.7088122003961887e-12,0.6510881453407671,0.6001562240512371,True,False
5.972178641189803e-07,3.554285392096864e-19,1.1919149453004814e-15,1.1980373956409769e-11,3.2418819266061573e-19,6.974355545744719e-16,3.817142191629587e-24,1.6123829804794136e-17,7.222237291451587e-35,4.735792559349428e-13,1.0,0.019429023719392934,True,False
0.06054941197440468,3.935730948195291e-19,1.1115729825732508e-15,0.07010843123415601,1.4341249026007182e-19,3.35806688582408e-16,4.0415114573636e-24,2.091928857734639e-17,1.5483965991532588e-11,6.645189139879991e-10,0.5566601498042403,3.589425775044651,True,False
0.08127594760590268,3.7415893093296294e-19,1.8631660396830303e-15,6.610734953900757e-16,4.302122304143792e-19,2.9108319466287103e-16,4.5838583742028305e-24,2.4885469595351326e-17,1.2630820223533141e-11,2.6301003966471523e-16,0.2808007041226924,0.931712306098833,True,False
0.08127594760590268,3.7415893093296294e-19,1.8631660396830303e-15,6.610734953900757e-16,4.3021223041437924e-19,2.9108319466287103e-16,4.5838583742028305e-24,2.4885469595351326e-17,1.2630820223533141e-11,2.6301003966471523e-16,0.2808007041226924,0.931712306098833,True,False
0.12663268916553547,1.3831834552890308e-15,0.0,0.29589251780720316,0.2766677003772273,0.09646365371997967,0.004601777955978104,0.002911554050696797,0.0660013446980668,0.08884353298323606,0.9377395050474173,5.814217313675312,True,False
1.8646308761530542e-15,1.4543735365234595e-19,9.887132340514721e-16,2.4874323079262235e-11,4.1242979074704956e-19,2.4044883108596343e-16,5.113826318876537e-24,2.797582057002894e-17,0.36457142526922187,7.453978093451462e-17,1.0,4.839133813310169,True,False
0.7559018844443904,4.1090339894202627e-19,7.778605927875573e-16,2.7559393447897963e-15,1.9862241291904453e-19,1.1051356318155565e-15,6.385883858976035e-24,8.702395348101336e-18,2.070501873841672e-17,4.775504679067693e-16,0.953150393135455,0.0941587117523879,True,False
0.08150565260314,3.697683543999094e-19,3.3712211998490883e-15,1.195633216049509e-15,4.387395006551271e-19,2.9905692074026075e-16,4.6678725604521926e-24,2.6630153364797375e-17,1.3755684410898582e-11,2.658815261357342e-16,0.28077707669466656,0.9319533005906933,True,False
3.375613136474877e-10,4.1334947592079004e-19,5.687277409104054e-16,0.1964208658958703,2.7451628340913677e-19,5.048819665329391e-16,5.1697375850075965e-24,1.2874122665355398e-17,4.212403842463832e-12,5.119424766140991e-18,1.0,4.234970588315239,True,False
0.08151535487291489,4.076988954244924e-19,2.7149497432320674e-15,3.7668783799226846e-23,2.2774158644843564e-19,3.161247907752265e-16,3.0925265664033648e-24,1.6292210349739247e-17,1.9522779925722866e-22,1.2794650164487273e-22,0.2807778617224108,0.9224808431638937,True,False
0.07963634523523035,8.130940776386081e-12,0.017023383325315795,0.008213823594319346,0.01653453099871675,8.2791408316373e-13,0.0021434957185917495,0.0007836065712012556,1.5405601135791932e-15,0.0034318512839243117,0.2833200039736614,3.410437722234825,True,False
0.08311774472576754,4.0796816988405897e-19,4.714029261788559e-15,3.755291593277474e-23,2.2927546246878083e-19,5.508461458861352e-16,3.0346899684665173e-24,1.6567735746258957e-17,1.902354928601501e-22,1.28486908014251e-22,0.28288604734003686,0.9214882501623228,True,True
0.248793444916138,3.8813309135465535e-19,7.1898721045994425e-16,8.356465123892966e-25,3.114599283577239e-19,2.274053879484523e-16,4.905051746645585e-24,2.5978630583619283e-17,2.603137816618885e-26,1.2956348668291408e-26,0.6309140183035888,0.6032302103385173,True,True
0.08143354292779584,3.6986929478122862e-19,3.372325023750088e-15,2.0929525522214676e-15,4.38795512852209e-19,5.237028132402759e-16,4.667343645693799e-24,2.663950301520036e-17,1.375570711026764e-11,2.6589315936365425e-16,0.2807757703599021,0.9319542513161375,True,False
1.9856232210833578e-13,7.912753271112807e-19,4.379134470843345e-16,0.0855995619756601,3.186879701482888e-19,2.936906341984529e-16,4.8324869540630505e-24,2.491127099665489e-17,1.422236670812574e-17,3.0814879110195774e-33,1.0,3.5481791554970514,True,False
0.09807810527036144,3.967355404191947e-19,1.7633975364092695e-15,6.399497763105559e-16,3.4810245890410677e-19,3.1099816248495673e-16,4.665141321874547e-24,2.6185096111847904e-17,1.1756071673149584e-11,2.743023462883109e-16,0.4658604388062183,0.7946646407547685,True,True
0.09807805684560048,3.967355404192048e-19,1.7633981718618026e-15,6.399496756961574e-16,3.481024589041177e-19,3.1099810457347693e-16,4.665141321874483e-24,2.6185096111847435e-17,1.17560735620531e-11,2.743022832896085e-16,0.4658595006983698,0.7946655069471591,True,True
0.0,0.06408904963151243,0.0,0.0,0.0,0.0,0.0,0.5,0.0,0.0,1.0,5.321461445683205,True,False
0.08215142797625292,4.0780363816305413e-19,2.710902831480166e-15,3.766899833035609e-23,2.2728275278835774e-19,5.527570006638998e-16,3.105798701248113e-24,1.6237149762818456e-17,1.9283546636352061e-22,1.284287115260458e-22,0.2811444282517568,0.9222995458600523,True,True
0.6830647337592718,3.5806112180055153e-19,7.180071874891744e-15,1.5321024514509915e-19,5.757635951456849e-19,8.51159744406996e-16,5.780937212881285e-24,1.3202820739118443e-16,6.4373233224732095e-15,2.0568909542452968e-15,0.9999484377276909,0.0038329951864254784,True,True
0.6830791719749237,3.5806110046881136e-19,7.18043109613973e-15,1.5321024514509915e-19,5.757638257460546e-19,8.51159744406996e-16,5.780937125742619e-24,1.320400980033545e-16,6.437396767085797e-15,2.056875341985241e-15,0.9999481765024447,0.003833540624199688,True,True
2.2465536629138003e-17,3.865854063674396e-19,5.736155713045839e-16,6.525315811350375e-12,3.1650406283821713e-19,3.290444401173243e-16,4.459436932775765e-24,2.599772107312582e-17,0.12400852421982632,4.171655793991031e-15,1.0,3.83861816308759,True,False
0.08173094614912442,4.0186492865039373e-19,2.721864726141353e-15,3.71430744560228e-23,2.2728589322158537e-19,3.2013870451848546e-16,3.1989198561625536e-24,1.6387080537250156e-17,1.9486266949627642e-22,1.274865226049123e-22,0.28083258035085756,0.922451338573335,True,True
0.0814677686696666,3.672008089519607e-19,3.3683760346904818e-15,2.0854032559990317e-15,4.393823673283183e-19,5.2109047543951875e-16,4.648765805878302e-24,2.6319349488531923e-17,1.2369516590330563e-11,4.60042832711749e-16,0.28077539514185557,0.9316720946194044,True,False
0.081467768669672,3.672008089519576e-19,3.368376034687737e-15,2.0854032560013147e-15,4.393823673283183e-19,5.210904754394628e-16,4.648765805878314e-24,2.631934948853206e-17,1.2369516590319504e-11,4.600428327116508e-16,0.2807753951418557,0.9316720946194019,True,False
0.10992307387659875,0.4999999999999982,1.6278797307831314e-15,0.16467848228249546,0.4999999999999992,4.569174785067489e-15,1.0274702980695355e-15,0.49999999999999895,0.0667375100276463,2.061672132058661e-15,0.7068739362082986,6.888707084553883,True,False
0.08159384879487999,4.0781682696652223e-19,4.747958030546801e-15,3.766027504685092e-23,2.2749164393087416e-19,3.1625189274656697e-16,3.0928264693039755e-24,1.6292202491028285e-17,1.9521865879371203e-22,1.278651434991204e-22,0.2807895260724097,0.9226537750674034,True,False
0.08145064564925888,3.967355404191947e-19,1.7633975364092695e-15,6.399497763105559e-16,3.4810245890410677e-19,3.1099816248495673e-16,4.6695153131616766e-24,2.613183365692651e-17,1.1756071673149584e-11,5.378035816908872e-16,0.28077535807027576,0.9315388127157769,True,True
0.08145064564925888,3.967355404191947e-19,1.7633975364092695e-15,6.399497763105559e-16,3.4810245890410677e-19,3.1099816248495673e-16,4.669515313161677e-24,2.6131833656926506e-17,1.1756071673149584e-11,5.378035816908872e-16,0.28077535807027576,0.9315388127157769,True,True
0.0814591442054787,3.968194270152003e-19,3.0859824758499713e-15,6.402205485625916e-16,3.480920860292112e-19,3.1098388091557323e-16,4.670200460658851e-24,2.6142815689106914e-17,1.17561874337621e-11,5.378360758907153e-16,0.28077532020876983,0.9315391508191901,True,True
0.08166564813741303,3.9689590897529406e-19,2.724541278931608e-15,3.7248590620493265e-23,2.306504567736664e-19,5.721227227477603e-16,3.12260722666802e-24,1.6321886144376146e-17,1.9526256864700093e-22,1.2816594486537577e-22,0.2808084767360709,0.9224914692628644,True,False
0.060460942767311524,4.0177824977431176e-19,1.2596550894221917e-15,8.4392459954954e-25,3.1419368003797502e-19,2.3145072186397144e-16,4.979793841397594e-24,2.6142040311523677e-17,2.616576731465681e-26,1.3000592501033904e-26,0.5585352948456721,0.6893836040418657,True,True
0.06046097618375263,4.0177824977422225e-19,1.2596549645682201e-15,8.439245995494382e-25,3.1419368003808904e-19,2.31450619143343e-16,4.979793841396082e-24,2.6142040311525227e-17,2.616576731465366e-26,1.3000592501027998e-26,0.5585345863844213,0.6893843945813171,True,True
0.07955642378017239,1.1091851678918662e-14,0.01929376575987284,0.009012654607814285,0.017339576049447466,3.7863674057356885e-11,2.760458301672926e-15,0.0006153467209787176,1.5591677356685952e-15,0.0018359352693844678,0.2835479208722287,3.409974707825747,True,False
0.08160608623707137,4.14833611837767e-19,2.57621061137014e-15,3.597375945561986e-23,2.3343849846910494e-19,3.1636725299055227e-16,3.076378413143549e-24,1.6302577592335783e-17,1.935031344107041e-22,1.38001368609132e-22,0.28079219669192834,0.9224575836023116,True,True
0.030741236607930437,3.9919342489517205e-19,6.138921263765181e-17,6.626504988286181e-16,3.48314643129582e-19,3.0903931356246327e-16,4.652991902178449e-24,2.5173208800508153e-17,1.3465353159343668e-11,2.624510676556377e-16,0.9761636446889114,0.06645014647509562,True,False
0.08146426265503055,3.8938582601715594e-19,3.4295060585824914e-15,1.1177768802670765e-15,3.494565491619396e-19,5.448796927170143e-16,4.679447450366432e-24,2.6068045346437257e-17,2.0576702098678296e-11,5.380305502677744e-16,0.28077535090545835,0.9330958242271282,True,False
3.4666738998970245e-32,3.921620243680088e-19,1.002272388444662e-15,8.77074998126554e-14,3.153721308789764e-19,3.034501325036306e-16,5.1442425585515234e-24,2.549470870901052e-17,8.305577418441176e-17,0.1504314136833806,1.0,3.999991192366218,True,False
0.4164580619283166,3.9796201321462626e-19,9.888768267352346e-16,3.426427624633376e-23,2.2979920318882455e-19,8.016090921750988e-16,3.1191949856808584e-24,1.6321392910361062e-17,1.6769106865535906e-22,1.338437892251765e-22,0.8109754980204578,0.34409401056537553,True,True
0.4164580619283166,3.9796201321462626e-19,9.888768267352346e-16,3.426427624633376e-23,2.2979920318882455e-19,8.0160909217509885e-16,3.1191949856808588e-24,1.6321392910361062e-17,1.6769106865535906e-22,1.338437892251765e-22,0.8109754980204578,0.34409401056537553,True,True
0.0,0.18027367558122068,0.0,0.0,0.0,0.0,5.476072618783276e-07,0.0,0.0,0.0,1.0,4.1578241475927085,True,False
7.287694106994588e-17,6.686237617524908e-19,6.239341272266031e-17,0.04215631761408854,4.578880998697483e-19,5.787724671155652e-16,4.240851926310467e-24,4.828441843202604e-17,5.368140537012068e-16,5.458613637912311e-16,1.0,3.0563862161357207,True,False
0.6152815812279127,3.926735820596741e-19,1.7131527567770876e-15,3.403831977276648e-23,2.2920528233594193e-19,4.3865189807234215e-16,3.081366015981592e-24,1.6085886799193515e-17,1.6918074275167792e-22,1.300434895333547e-22,0.9732711481681116,0.05492554423619505,True,True
0.6152815812279127,3.926735820596741e-19,1.7131527567770876e-15,3.403831977276648e-23,2.2920528233594193e-19,4.3865189807234215e-16,3.0813660159815922e-24,1.6085886799193515e-17,1.6918074275167792e-22,1.300434895333547e-22,0.9732711481681116,0.05492554423619505,True,True
0.08147482095985263,3.9614747390173986e-19,5.275454450153287e-15,1.1437733780875845e-15,3.483297426529164e-19,3.110140974981801e-16,4.6719443669215164e-24,2.6407369617214206e-17,1.1776641624920656e-11,5.370908328016032e-16,0.2807755412769122,0.9315441248883226,True,False
2.8132169039311706e-14,3.585215535462374e-19,1.0294101838934416e-15,0.13994297224698107,3.783836575565681e-19,2.352493849208904e-16,5.989252252136704e-24,2.3651584420407044e-17,1.2274590726819039e-12,1.7774351909839482e-12,1.0,3.938772983907814,True,False
4.460301515897519e-09,3.040096424300082e-08,0.28348705230381765,1.6359975180439062e-10,0.03458761551853177,2.3512941579338985e-30,6.118120536057402e-17,1.2204583675429086e-33,2.4187774778143627e-08,2.437486443692704e-16,1.0,4.6982534441287145,True,False
4.390664377489343e-09,2.9480112598887124e-08,0.28307780271349714,1.5774485171922104e-10,0.03209486466769972,2.355172682478893e-30,6.084058458008967e-17,1.2215115612726637e-33,2.404434884622695e-08,2.444535695898165e-16,1.0,4.688949839377007,True,False
0.0,0.0,0.0,0.0,0.0,0.0,0.4999822895505704,0.0,0.0,0.0,1.0,5.183146262159752,True,False
0.4999999992748716,3.442935464969943e-19,4.279524575826129e-16,0.28900115541031357,4.256551735209709e-19,6.732887113249339e-16,6.95299041625832e-24,2.8935916946083914e-17,0.2848159475483404,0.20714724650196936,1.0,5.714788496584643,True,False
0.4152430546970411,4.056868220632662e-19,9.880946729103337e-16,3.4767646025855344e-23,2.300274215723686e-19,1.3919421269079036e-15,3.1071589096664716e-24,1.6122456963797054e-17,1.7079110628217719e-22,1.338193987480943e-22,0.8104557441791655,0.3450655090408611,True,True
0.4152430546970411,4.056868220632662e-19,9.880946729103337e-16,3.4767646025855344e-23,2.300274215723686e-19,1.3919421269079036e-15,3.1071589096664712e-24,1.6122456963797054e-17,1.707911062821772e-22,1.338193987480943e-22,0.8104557441791655,0.3450655090408611,True,True
0.08145678799080483,3.9759340946573996e-19,3.0852044009512192e-15,5.992740758622897e-16,3.4801013407389728e-19,5.475893188681032e-16,4.6700327567198654e-24,2.6142484565966478e-17,1.175671408509177e-11,5.37712788813996e-16,0.28077531959667035,0.9315393101309459,True,True
0.0816193242830085,4.078550286069679e-19,4.751110118231193e-15,3.7653340195521095e-23,2.277333896978115e-19,3.1620937226200513e-16,3.092298966175147e-24,1.6295934213321654e-17,1.952502786558495e-22,1.2796215237942502e-22,0.28079534447651266,0.9226507412497023,True,False
0.08145603947845473,3.9905018407859423e-19,3.028701673617287e-15,7.509179896086656e-16,3.491896117705212e-19,5.572115026713362e-16,4.659635220561761e-24,2.7109193546277986e-17,1.1754620329734931e-11,5.38005214309671e-16,0.280775321186052,0.9315388712087239,True,True
0.08145603947845473,3.9905018407859423e-19,3.0287016736172868e-15,7.509179896086656e-16,3.491896117705212e-19,5.572115026713362e-16,4.659635220561761e-24,2.7109193546277983e-17,1.1754620329734931e-11,5.38005214309671e-16,0.280775321186052,0.9315388712087239,True,True
3.733215727137082e-17,5.556033775430498e-19,5.381254960902941e-16,1.7490956881642148e-10,2.0581440684434635e-19,3.205018346989106e-16,4.837679968276323e-24,4.2213614770091397e-17,1.2400170984337298e-12,0.2892112910286291,1.0,4.6026555170457115,True,False
0.24863968771789152,3.975837111108611e-19,6.668646330984351e-16,8.842085815075273e-16,1.9765079059380083e-19,5.98009815930529e-16,6.2972762097846546e-24,8.60330596338635e-18,1.9358493613762787e-17,5.920811377582998e-16,0.6308423140928664,0.6037038368464747,True,True
0.0828542814508802,5.281617643955125e-19,6.668646330984351e-16,1.684317100807491e-15,1.9765079059380083e-19,4.56982535223019e-16,5.1610925208967525e-24,7.655347847550654e-18,2.0830747902041927e-17,7.095956188320064e-16,0.28226994402525296,0.9216926656281217,True,True
0.08146162740629186,3.9691540604841385e-19,3.101496362821517e-15,5.992133604457913e-16,3.485888277683372e-19,5.545739292641946e-16,4.7706768263157184e-24,2.6104001098401527e-17,2.0528878042454193e-11,5.822673490991733e-16,0.2807753300781898,0.9330887899305932,True,False
0.35847729435808495,5.440932042097838e-19,1.1557707376944326e-15,0.16457496867457252,2.8665028914679136e-19,4.627306954336977e-16,5.88118965630074e-24,3.0032602188356855e-17,0.07679908443271062,0.0820665743912963,0.9978453684953197,4.716161441516167,True,False
0.08188241943539036,3.7363787665933524e-19,3.611878840312041e-15,4.658705991440079e-16,3.0718143495338395e-19,3.398862425294757e-16,4.17762837623368e-24,3.561792394803118e-17,1.9964720457245618e-11,2.78740439018032e-16,0.28091368119423965,0.9329292128389095,True,False
0.08188241943539026,3.736378766593356e-19,6.320787970545967e-15,4.658705991439529e-16,3.071814349533838e-19,3.398862425294809e-16,4.17762837623368e-24,3.5617923948032164e-17,1.9964720457245344e-11,2.787404390180315e-16,0.2809136811942393,0.9329296140923614,True,False
0.08154723327011931,4.0756783032958575e-19,4.750881721011587e-15,3.7694582905453334e-23,2.2761202954790197e-19,3.158648988721473e-16,3.093831979393143e-24,1.6292120466875758e-17,1.9533690686841927e-22,1.278771411304335e-22,0.2807814584228491,0.9226584860601361,True,False
0.09254384428114885,0.0,0.0007481052064531079,0.0,0.0,1.4635122486840654e-30,5.534800908375261e-17,2.359149571174052e-33,0.0,1.1098019740840627e-16,0.3693844248039905,1.7859719878992184,True,False
0.09254384428114885,0.0,0.000748173435965786,0.0,0.0,1.4635122486840654e-30,5.589769838470806e-17,2.359149571174052e-33,0.0,1.110151204356474e-16,0.3693844248039905,1.7859923544635625,True,False
0.08149021897642865,3.9947275185242234e-19,2.9997482958574537e-15,1.0164188937724897e-15,3.539565667437204e-19,9.601656121204561e-16,5.0801876748645646e-24,2.6035420876546267e-17,1.1764255392799106e-11,5.39003143756575e-16,0.28077612569119825,0.9315406873471198,True,False
0.08153149527924838,4.0845179537636534e-19,4.790017151729753e-15,3.7666991231017604e-23,2.253003603906457e-19,3.183049807294071e-16,3.0925660063020736e-24,1.6140479953530178e-17,1.9455339240035718e-22,1.2696065876821009e-22,0.28077948781406936,0.9226626304150148,True,False
0.41479925564153936,3.2305502647157554e-19,1.5630434266459411e-15,2.7537114755376016e-23,1.4981770789168185e-19,5.123010632015336e-16,2.4695921887179887e-24,1.2900330487160773e-17,1.4042394718765296e-22,1.0787903043704885e-22,0.8104144457361869,0.34506802611126525,True,True
0.41479925564153936,3.2305502647157554e-19,1.5630434266459411e-15,2.7537114755376016e-23,1.4981770789168187e-19,5.123010632015336e-16,2.4695921887179887e-24,1.2900330487160771e-17,1.4042394718765296e-22,1.0787903043704885e-22,0.8104144457361869,0.34506802611126525,True,True
0.12827690838615033,2.318065997824019e-14,8.245492014855494e-15,0.19975810752313317,0.17315552597486614,2.24133820338093e-14,0.03974635535221474,0.0091009692377573,0.03141892897904575,1.5444939891218573e-14,0.9495642704694089,5.0920238302817475,True,False
2.1811116323834453e-17,4.415176115539871e-19,9.843741597020108e-16,9.421864663641994e-14,2.1787055919283464e-19,4.1617022078061497e-16,1.1520249235564432e-24,1.3021681866063516e-17,2.747237079564181e-16,0.222127244645514,1.0,4.348289474907668,True,False
0.06212440313771267,3.8836384568070155e-19,9.9884818559133e-16,8.367989549523153e-25,3.114637915040798e-19,3.03086213878482e-16,4.908019153804845e-24,2.5983253840770642e-17,2.603137816618885e-26,1.294069454664636e-26,0.5235112006870235,0.7271996835560223,True,True
7.703719777548943e-34,1.6716530387142286e-19,7.446271771298089e-16,1.7468321369413236e-13,1.409016107438098e-19,3.441864669295326e-16,4.841980843168539e-24,2.922132024035838e-17,4.429968632897392e-17,0.05760861578301727,1.0,3.263646219250926,True,False
9.764092765631721e-17,4.586912835818638e-19,7.276899189460718e-16,1.7327157459159657e-16,3.052964386280195e-19,3.4079862912709345e-16,1.970411342549729e-24,1.177932366056755e-17,8.144286003183285e-14,0.05771106587068404,1.0,3.264867200212022,True,False
0.6559964739128762,3.331908670928376e-19,5.0563135172357214e-15,1.266991915275021e-19,5.374515063516052e-19,4.3399515427872395e-16,7.78702429768693e-24,2.778033129511304e-16,9.848558504814193e-16,2.7082591837170622e-15,0.9999953903746674,0.003247814689421216,True,False
0.6559964739126377,3.331908670928376e-19,5.0563135172341555e-15,1.266991915275021e-19,5.374515063516052e-19,4.339951542790042e-16,7.78702429768693e-24,2.778033129511304e-16,9.848558504817256e-16,2.708259183718581e-15,0.9999953903746669,0.003247814689422328,True,False
0.0815551111884086,4.0799257922834586e-19,4.7510805885158495e-15,3.764956042721212e-23,2.2774134004463616e-19,5.533776250334142e-16,3.0946008806818707e-24,1.630647106343704e-17,1.9522779925722859e-22,1.2793636372099936e-22,0.2807825876311225,0.9226750499411018,True,False
0.02483493123296585,3.967355404192048e-19,1.7633981718618026e-15,6.214790478017225e-16,3.481024589041177e-19,3.0349357441076333e-16,4.566917738091021e-24,2.6185096111847435e-17,1.17560735620531e-11,2.650184855650623e-16,0.9923587564095322,0.03423172706750801,True,False
0.024834931234314184,3.967355404191947e-19,1.7633975364092695e-15,6.214790477686683e-16,3.4810245890410677e-19,3.034935744150017e-16,4.566917738091021e-24,2.6185096111847904e-17,1.1756071673149584e-11,2.650184855758257e-16,0.9923587564072688,0.03423172631197614,True,False
1.0555152430601365e-17,3.825865998359302e-19,9.01976850369937e-16,9.657449429269768e-19,2.959455757911041e-19,4.5997532488914824e-17,4.45715417705464e-24,2.4904418324602114e-17,0.05408998211762948,9.410241542402962e-18,1.0,3.2206500356265204,True,False
0.1733339251726603,3.6330103707865413e-19,8.710174578158037e-16,0.10990425693884194,3.185255391228767e-19,1.9897015875027598e-16,3.0643314303097885e-24,3.7102642372474305e-17,0.012774095790022547,1.433493412689583e-07,0.9999980612772879,3.8298189284361324,True,False
0.41473622044265585,3.9699513914322554e-19,1.7313900349787186e-15,3.42413639866186e-23,2.297322119327139e-19,8.011257954687388e-16,3.1179934354079034e-24,1.63091428156182e-17,1.678418606589162e-22,1.3374011333848476e-22,0.8104150424492947,0.34516101007146865,True,False
0.41473622044265585,3.969951391432255e-19,1.7313900349787184e-15,3.42413639866186e-23,2.297322119327139e-19,8.011257954687388e-16,3.1179934354079034e-24,1.63091428156182e-17,1.678418606589162e-22,1.3374011333848476e-22,0.8104150424492947,0.34516101007146865,True,False
0.08105566141379847,7.353905743499309e-18,0.0035718756652939132,0.002877184530091219,0.006691584357061121,4.0925713870366977e-19,2.8162709501200245e-19,4.900492920790259e-18,0.0002761776436610915,0.0012181899350783851,0.28089946119136067,2.7791926989793745,True,False
0.10193264537435699,3.692350773244945e-19,3.500591614792373e-16,0.08085143398608029,3.3506114390983157e-19,1.7219707765890893e-16,5.5714614035465994e-24,1.729205753743793e-17,4.700921104787419e-11,4.6996925645836035e-18,0.5435513136208439,3.692439558323277,True,False
0.08246024706868528,4.1769676755953184e-19,2.7149497432320674e-15,3.8346085227504405e-23,2.3446171734774186e-19,2.9368528222775913e-16,3.076529431602229e-24,1.6484157065312045e-17,1.9156045132888003e-22,1.2794650164487273e-22,0.2815459670915391,0.9220470370637484,True,True
0.08246024706868528,4.176967675595319e-19,2.7149497432320674e-15,3.8346085227504405e-23,2.3446171734774186e-19,2.9368528222775913e-16,3.0765294316022295e-24,1.6484157065312045e-17,1.9156045132888e-22,1.2794650164487273e-22,0.2815459670915391,0.9220470370637484,True,True
0.022470861303852615,3.2906209544322986e-19,1.048577001572928e-15,8.843882898572134e-13,2.694006646161183e-19,7.677694750758441e-17,4.972194734650371e-24,2.7041441685298224e-17,6.04090820305588e-11,8.799021830103657e-12,0.9955934170621842,0.03851066110083026,True,False
0.08099101653639912,4.492128787816598e-19,1.1483420394842669e-15,0.05966359455385815,3.554308620751959e-19,3.3730935415554616e-16,6.674274902533207e-24,3.878194440830283e-17,1.2106222232596031e-10,1.490859487988591e-16,0.2809425823700331,3.545963303707917,True,False
0.08144902974953634,3.9645879659236533e-19,2.6581550265946988e-15,3.557694210043177e-23,2.2854573191852365e-19,2.9140345869826816e-16,3.05671100809542e-24,1.6944379858771524e-17,2.0072513248668036e-22,1.20084508340571e-22,0.28077537781477135,0.9224734122941163,True,True
0.08144902974953634,3.9645879659236533e-19,2.6581550265946984e-15,3.557694210043177e-23,2.2854573191852365e-19,2.9140345869826816e-16,3.05671100809542e-24,1.6944379858771524e-17,2.0072513248668036e-22,1.20084508340571e-22,0.28077537781477135,0.9224734122941163,True,True
0.1085503310709066,6.512230899563389e-16,0.4644215260920841,0.13041383443245652,0.01442553023170966,3.731766592867772e-16,8.119198180464908e-16,3.431188946585693e-16,0.10157940659155494,0.0027879951039305887,0.6799219848577587,5.695802180447579,True,False
0.08153239548053244,3.817601847717258e-19,1.0001019687004156e-15,2.9110569664985718e-09,3.1586773706060543e-19,3.0827030155631654e-16,4.944097742323462e-24,2.5790793295782945e-17,4.265704363775942e-12,6.972957468546683e-13,0.2807795902799446,0.9622462460701816,True,False
1.6148957200515078e-12,6.934970191829499e-19,1.1934963699803337e-15,1.5360763140926315e-11,3.1508964984186784e-19,9.801962016564249e-17,4.921362412816272e-24,2.2973484112102614e-17,8.513193041181157e-10,6.282913371421062e-09,1.0,0.09338245680832269,True,False
0.08136752088847221,3.95940857762162e-19,4.583883415252771e-15,3.551834166108169e-23,2.2820219849569836e-19,2.917155311070914e-16,3.0702051465022228e-24,1.695314273565777e-17,2.006142961476839e-22,1.1933386971626706e-22,0.28078157473663057,0.9226441994277806,True,False
0.40531493450846384,3.995715016992942e-19,1.0657967794271748e-15,3.4640592214501066e-23,2.2754089118737476e-19,1.3727599346290968e-15,3.1340397771813317e-24,1.5949637863917956e-17,1.6934124667179481e-22,1.336541108680851e-22,0.827899540907184,0.3165308667926022,True,True
0.08328488630732847,5.900406489402595e-14,0.0028150258187109307,0.04703301038927855,0.009360855369796599,1.824618550936633e-16,4.56484589963178e-14,2.1897199899977504e-14,1.196231094777827e-13,5.55953485561839e-14,0.2833316137117008,3.5406475453359296,True,False
0.08133818535578079,3.8958438203232726e-19,4.823061551681527e-15,3.5523413846523824e-23,2.2813272111479437e-19,2.913562293471519e-16,3.057499421372577e-24,1.676311917177258e-17,1.9892405610180604e-22,1.1989875220165021e-22,0.2807863012134877,0.9226592995846954,True,False
0.4148654722566442,3.926735820596741e-19,2.0709460032901122e-15,3.365988382918424e-23,1.8609693680056454e-19,2.7796931741910624e-16,3.0248731943806994e-24,1.7435001528643532e-17,1.3200932661754516e-22,1.300434895333547e-22,0.8104155505922014,0.3451246264758236,True,False
0.4148654722566442,3.926735820596741e-19,2.0709460032901122e-15,3.365988382918424e-23,1.8609693680056457e-19,2.7796931741910624e-16,3.0248731943806994e-24,1.7435001528643532e-17,1.3200932661754516e-22,1.300434895333547e-22,0.8104155505922014,0.3451246264758236,True,False
0.08144128937853483,3.9878859731368682e-19,5.469371334099921e-15,5.990395832829369e-16,3.4684374336903623e-19,5.491611242198204e-16,4.591936461682773e-24,2.6157888238841424e-17,1.980217381527262e-11,5.380730415411658e-16,0.28077552798412475,0.9329821835775652,True,False
0.08131746018261161,3.9648797392490565e-19,4.5892286157260645e-15,3.5569618658852196e-23,2.286315272571428e-19,2.9820740698397975e-16,3.0663973093123485e-24,1.691755269573904e-17,2.0110857355365005e-22,1.2010548469304274e-22,0.2807904368915016,0.9226401225789096,True,False
0.4135652808247942,4.0334699150490557e-19,1.6939536402706731e-15,3.31423296063682e-23,2.347710299861826e-19,7.768584830727862e-16,3.124976821144356e-24,1.6182536849530875e-17,1.7267421837327076e-22,1.323250951128297e-22,0.8107184318710257,0.34465792158310044,True,False
0.4135676235872327,4.0334751735781545e-19,1.6679162243246067e-15,3.314232372065811e-23,2.3477105502964888e-19,7.768679376832948e-16,3.1249785161564215e-24,1.6182536183663788e-17,1.7265686987026912e-22,1.3232510346854373e-22,0.8107172715232396,0.3446547550786943,True,True
0.030115617330613003,0.3348699016759636,0.4433278693001941,0.24738797248284186,2.033088769731054e-09,0.4999999998499452,0.49999999967886233,0.49999999992211275,0.13754280373930095,0.2447301332560444,0.9785830661468838,7.662393412152678,True,False
0.08162752836609913,3.963907013495179e-19,2.6711165655961254e-15,3.5575546605896224e-23,2.29344305235469e-19,2.9142323369342454e-16,3.0582049524008785e-24,1.6925112428209516e-17,2.0061406159083597e-22,1.200844519693371e-22,0.28079743026042214,0.922462469637844,True,False
0.007135725105649437,3.809263504050055e-19,9.9884818559133e-16,8.226699665223652e-25,3.1501784302756496e-19,4.145329646083737e-16,4.8243585814739446e-24,4.5680907134967386e-17,2.6371686766193696e-26,1.294069454664636e-26,0.9999943483204683,0.002041598860767353,True,True
0.007135725109197228,3.809263504050055e-19,9.9884818559133e-16,8.226699665223652e-25,3.1501784302756496e-19,4.1453296481172445e-16,4.8243585814739446e-24,4.5680907134967386e-17,2.6371686766193696e-26,1.294069454664636e-26,0.9999943483204515,0.0020415988608714474,True,True
0.012107751377211158,3.722209027072626e-19,7.886523530881943e-16,4.028929396867602e-11,3.187115039311713e-19,3.3684132678855946e-16,5.496198157694772e-24,2.187828145489013e-17,3.4588478032614687e-15,8.769263510973125e-12,0.9998722108768592,0.027569849613436847,True,False
0.05034523469765667,3.3562707328194223e-19,1.1739727639586992e-15,1.9814588654666515e-14,4.433796061879592e-19,2.63854318530471e-16,4.866137146035236e-24,3.6089567385339895e-17,4.841062224867397e-19,4.2063465798280514e-18,0.7642111611790374,0.4191231772116858,True,True
0.4156662512871544,3.9803246825233966e-19,9.889012277072649e-16,3.426521150183622e-23,2.297898881451219e-19,8.009944648105501e-16,3.1205312191456305e-24,1.6321255919380973e-17,1.6767261989107447e-22,1.3383255964702547e-22,0.8105692717384363,0.34475187483601005,True,True
0.4156662512871544,3.9803246825233966e-19,9.889012277072649e-16,3.426521150183622e-23,2.297898881451219e-19,8.009944648105502e-16,3.12053121914563e-24,1.6321255919380973e-17,1.6767261989107447e-22,1.3383255964702547e-22,0.8105692717384363,0.34475187483601005,True,True
0.5814567879908048,1.676770810557068e-13,7.462375346996286e-09,4.885848670088677e-15,0.0,0.0,0.0,0.0,1.0182826803983858e-15,0.0,0.9026635241668531,0.27103179507722136,True,True
0.11593245681340744,4.595996410370062e-19,1.5572260048044666e-15,3.069159121437111e-11,5.130430337434568e-19,1.897370703659361e-16,4.3705821929981e-24,1.420520849477919e-17,0.26434802630872284,3.4810203651678287e-09,0.8128573301936598,4.586041350722953,True,False
0.29902147177240684,2.4592016286849977e-19,1.9233136201738557e-15,8.185093279008038e-15,3.179152792062234e-19,5.410541261405388e-16,5.358938512519201e-24,2.3831089410912697e-17,3.4738414446039717e-17,3.7449466914657904e-18,0.9855206256823252,0.03204168602422621,True,False
