x1,x2,x3,x4,f1,f2,isFeasible,isFrontier
59.0,47.0,22.0,36.0,11.269336886481804,59.0,True,False
29.0,22.0,28.0,46.0,0.12324473155417952,46.0,True,False
56.0,22.0,19.0,32.0,3.5420612544639525,56.0,True,False
55.0,21.0,48.0,32.0,0.36926744748261553,55.0,True,False
57.0,29.0,17.0,16.0,35.19961753764022,57.0,True,False
53.0,12.0,52.0,60.0,0.0035482071258589104,60.0,True,False
12.0,12.0,52.0,60.0,0.00962860955419093,60.0,True,False
28.0,22.0,30.0,46.0,0.09126289154383183,46.0,True,False
29.0,23.0,24.0,55.0,0.13033811595480724,55.0,True,False
12.0,18.0,23.0,22.0,0.07986171188693415,23.0,True,False
49.0,12.0,29.0,46.0,0.08791241925541195,49.0,True,False
60.0,15.0,28.0,53.0,0.2136192983782501,60.0,True,False
60.0,36.0,60.0,60.0,0.2076813338295715,60.0,True,False
12.0,12.0,19.0,12.0,0.2374609221818736,19.0,True,False
12.0,14.0,47.0,34.0,0.0015325588969016387,47.0,True,False
12.0,12.0,23.0,38.0,0.0004194468098709962,38.0,True,False
12.0,12.0,12.0,25.0,0.1127083717750339,25.0,True,False
18.0,13.0,33.0,30.0,0.008479520441165594,33.0,True,False
24.0,13.0,33.0,30.0,0.029197305444833514,33.0,True,False
12.0,29.0,12.0,12.0,5.163744231599653,29.0,True,False
12.0,19.0,15.0,12.0,1.259753345243669,19.0,True,False
12.0,12.0,30.0,60.0,0.004131831593241966,60.0,True,False
12.0,15.0,15.0,12.0,0.7322578740113634,15.0,True,False
12.0,14.0,17.0,14.0,0.3153979612479352,17.0,True,False
12.0,15.0,16.0,14.0,0.43466607813127434,16.0,True,False
12.0,12.0,12.0,12.0,0.7322578740113634,12.0,True,True
12.0,12.0,12.0,14.0,0.5081744157831724,14.0,True,False
14.0,14.0,25.0,21.0,0.052465738837667183,25.0,True,False
17.0,18.0,27.0,21.0,0.15634370236098935,27.0,True,False
23.0,12.0,17.0,19.0,0.5043980158583143,23.0,True,False
12.0,36.0,12.0,60.0,0.2076813338295715,60.0,True,False
26.0,21.0,25.0,17.0,1.300572733234182,26.0,True,False
42.0,26.0,57.0,47.0,0.0693455628408122,57.0,True,False
44.0,24.0,57.0,46.0,0.06680501983719585,57.0,True,False
12.0,14.0,25.0,30.0,0.0063553860586870676,30.0,True,False
12.0,12.0,13.0,12.0,0.6065256991243325,13.0,True,False
12.0,36.0,41.0,60.0,0.0009815959269980656,60.0,True,False
26.0,26.0,16.0,26.0,2.1925337180454134,26.0,True,False
19.0,29.0,14.0,16.0,5.361735234464362,29.0,True,False
14.0,12.0,28.0,12.0,0.1265371987841235,28.0,True,False
27.0,18.0,19.0,23.0,0.9367313416280015,27.0,True,False
14.0,13.0,26.0,27.0,0.013220385334519644,27.0,True,False
19.0,14.0,25.0,17.0,0.23194147674098847,25.0,True,False
12.0,15.0,12.0,14.0,0.8596057255744385,15.0,True,False
12.0,12.0,43.0,19.0,0.0010224175840040954,43.0,True,False
26.0,19.0,15.0,16.0,3.6636027476867983,26.0,True,False
19.0,15.0,16.0,14.0,1.272478987942526,19.0,True,False
17.0,15.0,26.0,31.0,0.029617668750359993,31.0,True,False
29.0,15.0,23.0,24.0,0.41443228531626214,29.0,True,False
12.0,12.0,13.0,20.0,0.16774498747723457,20.0,True,False
12.0,12.0,12.0,20.0,0.2076813338295715,20.0,True,False
21.0,20.0,17.0,13.0,3.084144181655301,21.0,True,False
18.0,17.0,23.0,23.0,0.18850409315343472,23.0,True,False
15.0,36.0,39.0,30.0,0.10065335986131808,39.0,True,False
12.0,12.0,31.0,17.0,0.016632089102035754,31.0,True,False
25.0,15.0,24.0,14.0,0.9443798930054421,25.0,True,False
22.0,18.0,13.0,19.0,2.1285629440957154,22.0,True,False
18.0,25.0,14.0,17.0,3.0501818338046554,25.0,True,False
34.0,15.0,12.0,14.0,8.360396133354923,34.0,True,False
20.0,21.0,21.0,18.0,0.934763703074207,21.0,True,False
17.0,23.0,16.0,25.0,0.6942566936261377,25.0,True,False
26.0,18.0,17.0,32.0,0.5126771836148251,32.0,True,False
19.0,23.0,25.0,23.0,0.3791119499022883,25.0,True,False
21.0,20.0,28.0,15.0,0.7322578740113634,28.0,True,False
16.0,16.0,15.0,18.0,0.6462050851949309,18.0,True,False
15.0,19.0,15.0,19.0,0.7322578740113634,19.0,True,False
22.0,19.0,23.0,19.0,0.6597377396815846,23.0,True,False
16.0,30.0,22.0,22.0,0.7181820319647142,30.0,True,False
20.0,14.0,14.0,25.0,0.4299696039204675,25.0,True,False
12.0,33.0,28.0,35.0,0.0674972391799308,35.0,True,False
18.0,16.0,18.0,19.0,0.4869610402830937,19.0,True,False
25.0,12.0,12.0,12.0,3.759930448114828,25.0,True,False
12.0,12.0,23.0,33.0,0.0020651567165830475,33.0,True,False
14.0,14.0,22.0,24.0,0.051498494099788523,24.0,True,False
12.0,26.0,22.0,19.0,0.3625631362767815,26.0,True,False
31.0,15.0,24.0,14.0,1.5367302547343205,31.0,True,False
12.0,28.0,29.0,27.0,0.08113351180551992,29.0,True,False
14.0,18.0,22.0,23.0,0.12513509391086364,23.0,True,False
16.0,18.0,16.0,26.0,0.30033509162300276,26.0,True,False
23.0,23.0,24.0,13.0,2.406325358305928,24.0,True,False
30.0,20.0,21.0,15.0,3.0992989144452348,30.0,True,False
21.0,16.0,21.0,22.0,0.3398813073584888,22.0,True,False
13.0,16.0,14.0,16.0,0.6151141040809415,16.0,True,False
14.0,14.0,14.0,12.0,1.045275876864888,14.0,True,False
14.0,28.0,16.0,15.0,2.217281840410312,28.0,True,False
19.0,12.0,27.0,16.0,0.1470710634572418,27.0,True,False
14.0,18.0,22.0,29.0,0.06285299764978129,29.0,True,False
14.0,14.0,22.0,16.0,0.17018830857234288,22.0,True,False
27.0,18.0,29.0,22.0,0.38127680955230336,29.0,True,False
19.0,14.0,17.0,14.0,0.9474447456911292,19.0,True,False
14.0,14.0,39.0,47.0,0.0013950816863575184,47.0,True,False
15.0,16.0,39.0,47.0,0.00017812713722054074,47.0,True,False
39.0,40.0,27.0,60.0,0.670242899440347,60.0,True,False
20.0,16.0,18.0,30.0,0.20098478610329687,30.0,True,False
18.0,18.0,19.0,23.0,0.3565755102413659,23.0,True,False
12.0,32.0,53.0,44.0,0.00041559708452445165,53.0,True,False
21.0,26.0,37.0,14.0,0.8276900580388515,37.0,True,False
12.0,15.0,14.0,14.0,0.5992122660608936,15.0,True,False
16.0,12.0,16.0,13.0,0.6065256991243325,16.0,True,False
12.0,21.0,15.0,59.0,0.019730820187300255,59.0,True,False
25.0,25.0,15.0,12.0,11.075203928684324,25.0,True,False
16.0,14.0,16.0,16.0,0.5339527052045535,16.0,True,False
15.0,13.0,13.0,15.0,0.7322578740113634,15.0,True,False
20.0,25.0,23.0,27.0,0.43675398693893064,27.0,True,False
22.0,15.0,20.0,20.0,0.4633806376818294,22.0,True,False
20.0,25.0,36.0,36.0,0.058333429263011015,36.0,True,False
12.0,21.0,38.0,58.0,0.0008965087951613148,58.0,True,False
21.0,26.0,24.0,14.0,2.1925337180454134,26.0,True,False
36.0,12.0,12.0,47.0,0.38648368741789757,47.0,True,False
12.0,19.0,27.0,23.0,0.04967123020931135,27.0,True,False
17.0,18.0,29.0,14.0,0.37138695486474566,29.0,True,False
13.0,18.0,17.0,23.0,0.2062850573739189,23.0,True,False
14.0,14.0,15.0,14.0,0.6226062284255093,15.0,True,False
14.0,16.0,16.0,25.0,0.17282367981139235,25.0,True,False
18.0,21.0,21.0,23.0,0.4074643857273083,23.0,True,False
17.0,12.0,18.0,23.0,0.12143433665627654,23.0,True,False
12.0,12.0,60.0,23.0,0.0015945245872943305,60.0,True,False
22.0,24.0,24.0,20.0,0.9134020090568116,24.0,True,False
14.0,17.0,19.0,16.0,0.40782964453249965,19.0,True,False
14.0,18.0,19.0,16.0,0.4687703299931803,19.0,True,False
13.0,12.0,12.0,12.0,0.8818224309936811,13.0,True,False
12.0,28.0,14.0,27.0,0.5544434029732113,28.0,True,False
13.0,13.0,12.0,36.0,0.060971648910432254,36.0,True,False
17.0,15.0,60.0,45.0,0.0024835152973375395,60.0,True,False
24.0,18.0,17.0,21.0,1.1359396773869779,24.0,True,False
21.0,16.0,60.0,45.0,0.0003934224776386021,60.0,True,False
24.0,16.0,60.0,45.0,4.231670903429297e-06,60.0,True,False
25.0,27.0,13.0,19.0,6.700405750630319,27.0,True,False
25.0,12.0,18.0,16.0,0.8053040413914113,25.0,True,False
12.0,12.0,23.0,49.0,0.00027246376654466544,49.0,True,False
12.0,12.0,30.0,49.0,0.002145555471458198,49.0,True,False
48.0,27.0,36.0,42.0,0.5081744157831724,48.0,True,False
13.0,31.0,28.0,15.0,0.6646235699170042,31.0,True,False
12.0,12.0,14.0,46.0,0.006292163664679006,46.0,True,False
48.0,12.0,57.0,35.0,0.020863629953012226,57.0,True,False
22.0,20.0,21.0,31.0,0.2826027402580741,31.0,True,False
15.0,17.0,16.0,15.0,0.8431292084147685,17.0,True,False
17.0,18.0,12.0,13.0,3.302430770158422,18.0,True,False
17.0,26.0,17.0,16.0,2.1925337180454134,26.0,True,False
16.0,21.0,12.0,26.0,0.8698243684250215,26.0,True,False
14.0,24.0,42.0,24.0,0.0357414181528213,42.0,True,False
22.0,28.0,60.0,41.0,0.011262978184535873,60.0,True,False
19.0,26.0,29.0,27.0,0.23680626931727677,29.0,True,False
17.0,23.0,24.0,48.0,0.03807587200878506,48.0,True,False
17.0,29.0,22.0,48.0,0.10405575050086696,48.0,True,False
18.0,27.0,12.0,24.0,2.3815300524488183,27.0,True,False
19.0,37.0,23.0,13.0,4.870368961913059,37.0,True,False
13.0,21.0,16.0,17.0,0.7385634542357852,21.0,True,False
29.0,24.0,15.0,17.0,6.68290973199458,29.0,True,False
16.0,28.0,14.0,17.0,3.0208998960386726,28.0,True,False
12.0,15.0,22.0,15.0,0.16094155768907917,22.0,True,False
12.0,12.0,17.0,36.0,0.008283692521951503,36.0,True,False
18.0,23.0,21.0,20.0,0.7080127934946668,23.0,True,False
23.0,16.0,27.0,15.0,0.5842502615342388,27.0,True,False
12.0,12.0,33.0,25.0,0.0009160386114175841,33.0,True,False
12.0,12.0,33.0,38.0,0.0008671133757904469,38.0,True,False
19.0,17.0,19.0,29.0,0.1952999786984514,29.0,True,False
12.0,12.0,15.0,14.0,0.2931518169297514,15.0,True,False
14.0,12.0,26.0,27.0,0.00903201512594458,27.0,True,False
12.0,12.0,27.0,23.0,0.007674589278737342,27.0,True,False
15.0,14.0,24.0,21.0,0.07419486402402797,24.0,True,False
22.0,25.0,19.0,16.0,2.771995905871515,25.0,True,False
18.0,19.0,18.0,16.0,1.0883093772215784,19.0,True,False
18.0,20.0,18.0,16.0,1.2226182116249835,20.0,True,False
12.0,40.0,60.0,43.0,0.0017444978977927568,60.0,True,False
21.0,16.0,14.0,16.0,1.8379785492386034,21.0,True,False
13.0,12.0,31.0,32.0,0.00016844768532610515,32.0,True,True
13.0,12.0,31.0,31.0,0.0003258595597831363,31.0,True,False
14.0,16.0,22.0,20.0,0.13308749205271792,22.0,True,False
22.0,18.0,17.0,18.0,1.3221281673976293,22.0,True,False
20.0,14.0,40.0,22.0,0.0302420772138875,40.0,True,False
29.0,15.0,35.0,25.0,0.12451267247670256,35.0,True,False
22.0,25.0,23.0,21.0,0.9889050092901698,25.0,True,False
31.0,20.0,24.0,23.0,0.9582629889119207,31.0,True,False
12.0,18.0,27.0,43.0,0.0017444978977927568,43.0,True,False
25.0,20.0,19.0,28.0,0.6329321011082278,28.0,True,False
16.0,21.0,15.0,19.0,1.070537960546985,21.0,True,False
14.0,14.0,37.0,18.0,0.022504491080546835,37.0,True,False
14.0,15.0,37.0,18.0,0.029253310060873047,37.0,True,False
12.0,40.0,57.0,23.0,0.049218930354726326,57.0,True,False
25.0,16.0,13.0,29.0,0.8403913861713788,29.0,True,False
18.0,18.0,23.0,12.0,1.0601455946953187,23.0,True,False
18.0,19.0,35.0,15.0,0.25720035838355704,35.0,True,False
24.0,17.0,22.0,23.0,0.43830329853628675,24.0,True,False
12.0,12.0,14.0,37.0,0.01787915385868499,37.0,True,False
18.0,26.0,29.0,21.0,0.3896176273495615,29.0,True,False
13.0,28.0,15.0,21.0,1.0226796149462576,28.0,True,False
19.0,24.0,14.0,13.0,5.575337129670826,24.0,True,False
33.0,14.0,15.0,35.0,0.5412849119568258,35.0,True,False
33.0,22.0,59.0,38.0,0.03223414294936584,59.0,True,False
14.0,18.0,14.0,28.0,0.24857984068578395,28.0,True,False
30.0,16.0,22.0,19.0,1.0081084385495969,30.0,True,False
26.0,31.0,21.0,13.0,7.885434750975781,31.0,True,False
33.0,33.0,60.0,45.0,0.06710897935130156,60.0,True,False
19.0,18.0,13.0,13.0,3.532104194631707,19.0,True,False
12.0,12.0,17.0,30.0,0.019064323546799,30.0,True,False
19.0,16.0,14.0,29.0,0.3654071302113384,29.0,True,False
12.0,12.0,19.0,18.0,0.07660346336043188,19.0,True,True
23.0,14.0,22.0,42.0,0.041699895914528315,42.0,True,False
12.0,40.0,52.0,30.0,0.02670380298666437,52.0,True,False
36.0,17.0,24.0,12.0,3.923254393272653,36.0,True,False
18.0,26.0,23.0,21.0,0.680071990476166,26.0,True,False
19.0,33.0,14.0,13.0,10.895119695449246,33.0,True,False
12.0,21.0,52.0,51.0,0.002426222528224071,52.0,True,False
21.0,30.0,13.0,14.0,11.00420818045553,30.0,True,False
27.0,14.0,14.0,12.0,4.434059562079464,27.0,True,False
24.0,13.0,14.0,25.0,0.5582319967783465,25.0,True,False
21.0,17.0,34.0,18.0,0.192768422433108,34.0,True,False
16.0,22.0,30.0,18.0,0.2576298702454554,30.0,True,False
15.0,16.0,15.0,13.0,1.18046031583222,16.0,True,False
17.0,34.0,16.0,25.0,1.691874274963607,34.0,True,False
23.0,16.0,13.0,24.0,1.0716553024624305,24.0,True,False
20.0,12.0,12.0,14.0,1.64940620787961,20.0,True,False
12.0,19.0,25.0,14.0,0.25720035838355704,25.0,True,False
12.0,19.0,24.0,12.0,0.41911037044445787,24.0,True,False
33.0,16.0,45.0,60.0,0.002629251843290505,60.0,True,False
33.0,15.0,28.0,14.0,1.2509880643353826,33.0,True,False
14.0,21.0,31.0,14.0,0.2842382916587216,31.0,True,False
12.0,14.0,16.0,32.0,0.033799232299759785,32.0,True,False
18.0,13.0,18.0,21.0,0.22540493324865912,21.0,True,False
23.0,17.0,15.0,30.0,0.5250590204085662,30.0,True,False
19.0,26.0,17.0,12.0,5.186046568092653,26.0,True,False
12.0,14.0,15.0,14.0,0.4299696039204675,15.0,True,False
21.0,18.0,21.0,22.0,0.45414457062294566,22.0,True,False
13.0,25.0,20.0,19.0,0.5054980109608189,25.0,True,False
26.0,15.0,16.0,12.0,3.5606583291675458,26.0,True,False
16.0,19.0,23.0,14.0,0.6397121189552877,23.0,True,False
18.0,27.0,16.0,20.0,1.889169637059625,27.0,True,False
21.0,25.0,18.0,19.0,1.9343479902825589,25.0,True,False
37.0,16.0,41.0,39.0,0.051054337868992446,41.0,True,False
39.0,14.0,60.0,60.0,5.457282025746766e-05,60.0,True,False
19.0,14.0,21.0,19.0,0.27288853497098126,21.0,True,False
17.0,15.0,31.0,25.0,0.03413364635990807,31.0,True,False
21.0,15.0,31.0,24.0,0.07790114839160418,31.0,True,False
25.0,14.0,49.0,59.0,0.0005388874500001994,59.0,True,False
21.0,23.0,12.0,16.0,5.623280311418935,23.0,True,False
12.0,13.0,16.0,18.0,0.1579166994975046,18.0,True,False
16.0,20.0,14.0,12.0,3.0992989144452348,20.0,True,False
21.0,19.0,50.0,40.0,0.0030493229725523114,50.0,True,False
21.0,20.0,16.0,12.0,4.174750727676059,21.0,True,False
18.0,13.0,21.0,15.0,0.3582954043026605,21.0,True,False
12.0,31.0,18.0,23.0,0.5689253446541876,31.0,True,False
23.0,30.0,12.0,21.0,6.7278809922049225,30.0,True,False
15.0,18.0,20.0,12.0,0.9618130428181735,20.0,True,False
13.0,12.0,14.0,16.0,0.30486879058258,16.0,True,False
14.0,12.0,14.0,13.0,0.6065256991243325,14.0,True,False
32.0,16.0,55.0,52.0,0.0012069825399027903,55.0,True,False
18.0,16.0,21.0,14.0,0.6977469926401558,21.0,True,False
28.0,12.0,20.0,30.0,0.17282367981139235,30.0,True,False
22.0,29.0,47.0,48.0,0.019188370433876993,48.0,True,False
22.0,19.0,19.0,17.0,1.3221281673976293,22.0,True,False
13.0,20.0,38.0,32.0,0.0048353199231028696,38.0,True,False
24.0,15.0,14.0,31.0,0.4695179007097639,31.0,True,False
32.0,26.0,17.0,21.0,4.779701690779784,32.0,True,False
17.0,26.0,18.0,17.0,1.6904293384108853,26.0,True,False
21.0,16.0,12.0,25.0,0.9520308360659012,25.0,True,False
27.0,17.0,16.0,13.0,4.253705960746929,27.0,True,False
22.0,24.0,20.0,23.0,1.0071061038895115,24.0,True,False
13.0,16.0,31.0,12.0,0.17210920141534863,31.0,True,False
31.0,20.0,53.0,60.0,0.0025693979048180453,60.0,True,False
14.0,21.0,25.0,12.0,0.6984290470022738,25.0,True,False
12.0,14.0,12.0,12.0,1.045275876864888,14.0,True,False
31.0,17.0,20.0,21.0,1.2331715604593472,31.0,True,False
18.0,17.0,21.0,15.0,0.6841758762432762,21.0,True,False
12.0,20.0,12.0,15.0,1.4138494352739677,20.0,True,False
19.0,18.0,17.0,22.0,0.5931451593052007,22.0,True,False
12.0,12.0,17.0,16.0,0.14832699628884005,17.0,True,False
17.0,19.0,32.0,36.0,0.018523923081495162,36.0,True,False
22.0,22.0,55.0,47.0,0.001845107779596511,55.0,True,False
20.0,16.0,22.0,19.0,0.38597754915606414,22.0,True,False
12.0,14.0,25.0,19.0,0.043850406177459715,25.0,True,False
13.0,12.0,31.0,28.0,0.0012562897208765074,31.0,True,False
28.0,26.0,16.0,15.0,8.346633064379917,28.0,True,False
15.0,23.0,23.0,24.0,0.2310923675909335,24.0,True,False
30.0,17.0,36.0,36.0,0.06212017569903573,36.0,True,False
25.0,23.0,36.0,28.0,0.18160994476206013,36.0,True,False
19.0,23.0,13.0,19.0,2.64046719684617,23.0,True,False
22.0,19.0,33.0,17.0,0.3609831276248505,33.0,True,False
13.0,28.0,14.0,26.0,0.7322578740113634,28.0,True,False
14.0,22.0,18.0,33.0,0.14005497413547532,33.0,True,False
33.0,16.0,60.0,45.0,0.002629251843290505,60.0,True,False
12.0,12.0,15.0,16.0,0.2076813338295715,16.0,True,True
23.0,17.0,28.0,21.0,0.27111459959085255,28.0,True,False
13.0,18.0,12.0,12.0,2.1925337180454134,18.0,True,False
27.0,17.0,27.0,18.0,0.6402642187392009,27.0,True,False
12.0,31.0,25.0,19.0,0.4081658271593504,31.0,True,False
22.0,13.0,49.0,14.0,0.07432727841618357,49.0,True,False
30.0,18.0,59.0,47.0,0.002545769522084728,59.0,True,False
20.0,20.0,20.0,16.0,1.2226182116249835,20.0,True,False
30.0,14.0,36.0,36.0,0.03232615187632235,36.0,True,False
28.0,12.0,36.0,31.0,0.02458496806878849,36.0,True,False
14.0,14.0,47.0,57.0,0.0050577268692291654,57.0,True,False
18.0,16.0,14.0,24.0,0.5081744157831724,24.0,True,False
14.0,18.0,25.0,23.0,0.08642514867855958,25.0,True,False
14.0,18.0,24.0,23.0,0.09749532532390981,24.0,True,False
14.0,15.0,16.0,27.0,0.11684897015126808,27.0,True,False
20.0,18.0,37.0,18.0,0.15702295112175949,37.0,True,False
12.0,16.0,19.0,24.0,0.07660346336043188,24.0,True,False
12.0,15.0,20.0,23.0,0.06102136201449669,23.0,True,False
15.0,25.0,54.0,45.0,0.00010083499342691825,54.0,True,False
32.0,21.0,14.0,16.0,8.155140574920324,32.0,True,False
14.0,14.0,22.0,22.0,0.06795372503523964,22.0,True,False
24.0,19.0,54.0,55.0,8.567406845395742e-05,55.0,True,False
14.0,24.0,14.0,23.0,0.8085587266776262,24.0,True,False
23.0,49.0,56.0,60.0,0.036533483466268134,60.0,True,False
31.0,49.0,49.0,60.0,0.13867233240280932,60.0,True,False
20.0,18.0,13.0,23.0,1.1230362634134874,23.0,True,False
24.0,17.0,17.0,23.0,0.8085587266776262,24.0,True,False
13.0,12.0,30.0,31.0,0.0005504941013811367,31.0,True,False
17.0,17.0,52.0,46.0,0.0005503681644971095,52.0,True,False
23.0,19.0,18.0,22.0,0.9201721287173816,23.0,True,False
14.0,23.0,30.0,31.0,0.04078672451317742,31.0,True,False
15.0,25.0,30.0,31.0,0.06705328037385645,31.0,True,False
30.0,16.0,17.0,24.0,1.0654188043683825,30.0,True,False
15.0,23.0,31.0,25.0,0.09052995719312343,31.0,True,False
14.0,23.0,24.0,15.0,0.5627477067720326,24.0,True,False
12.0,14.0,25.0,15.0,0.09224624856049056,25.0,True,False
48.0,12.0,36.0,32.0,0.1265371987841235,48.0,True,False
21.0,26.0,16.0,17.0,3.4710433001396,26.0,True,False
12.0,17.0,25.0,27.0,0.02494595885473132,27.0,True,False
12.0,21.0,24.0,27.0,0.059833838857082544,27.0,True,False
24.0,23.0,25.0,13.0,2.4154823533465515,25.0,True,False
20.0,21.0,15.0,21.0,1.4138494352739677,21.0,True,False
13.0,19.0,24.0,36.0,0.020050646335558406,36.0,True,False
12.0,28.0,21.0,40.0,0.06539306373867554,40.0,True,False
48.0,19.0,51.0,36.0,0.12422290670373701,51.0,True,False
15.0,19.0,19.0,23.0,0.25795691279468236,23.0,True,False
16.0,12.0,21.0,22.0,0.07360645230032066,22.0,True,False
27.0,15.0,44.0,41.0,0.006435534608037478,44.0,True,False
22.0,23.0,16.0,17.0,2.944706769363423,23.0,True,False
12.0,15.0,22.0,22.0,0.05181154802410868,22.0,True,False
18.0,19.0,17.0,24.0,0.48157488738940174,24.0,True,False
12.0,12.0,15.0,15.0,0.2457389878477507,15.0,True,True
14.0,18.0,23.0,26.0,0.07679846377032722,26.0,True,False
48.0,12.0,60.0,51.0,0.0019321272410486449,60.0,True,False
23.0,16.0,17.0,12.0,2.7544123775870335,23.0,True,False
12.0,12.0,22.0,15.0,0.0853132450775161,22.0,True,False
12.0,12.0,23.0,14.0,0.09176394589662089,23.0,True,False
23.0,16.0,53.0,27.0,0.012742684217298897,53.0,True,False
18.0,15.0,15.0,21.0,0.5081744157831724,21.0,True,False
60.0,22.0,60.0,43.0,0.1349449808472773,60.0,True,False
20.0,15.0,31.0,16.0,0.21211494702375813,31.0,True,False
18.0,19.0,26.0,19.0,0.30033509162300276,26.0,True,False
15.0,13.0,21.0,23.0,0.06731294470213768,23.0,True,False
17.0,14.0,22.0,16.0,0.28287190978876076,22.0,True,False
12.0,20.0,13.0,24.0,0.3905643079301522,24.0,True,False
25.0,19.0,17.0,29.0,0.6711042360867759,29.0,True,False
41.0,14.0,14.0,13.0,9.05749249865888,41.0,True,False
16.0,23.0,22.0,25.0,0.2754271990345256,25.0,True,False
13.0,17.0,23.0,22.0,0.08554429799455118,23.0,True,False
15.0,12.0,22.0,19.0,0.0819921331365353,22.0,True,False
12.0,19.0,55.0,29.0,1.7758662265069445e-06,55.0,True,False
15.0,31.0,16.0,13.0,4.373525644672759,31.0,True,False
12.0,12.0,20.0,21.0,0.039433149835154224,21.0,True,True
12.0,43.0,31.0,50.0,0.03557897604116786,50.0,True,False
17.0,15.0,23.0,17.0,0.25795691279468236,23.0,True,False
12.0,19.0,55.0,38.0,0.001238224598198736,55.0,True,False
24.0,19.0,54.0,34.0,0.010834038681081364,54.0,True,False
18.0,32.0,15.0,21.0,2.8368398909185446,32.0,True,False
27.0,18.0,19.0,15.0,2.4366705272681792,27.0,True,False
24.0,20.0,12.0,16.0,5.549419899693084,24.0,True,False
14.0,29.0,27.0,23.0,0.25959523724315187,29.0,True,False
13.0,14.0,18.0,26.0,0.059833838857082544,26.0,True,False
29.0,16.0,22.0,18.0,1.0556285293337682,29.0,True,False
20.0,29.0,16.0,17.0,3.9524367042405277,29.0,True,False
16.0,27.0,17.0,23.0,0.922713956121866,27.0,True,False
12.0,30.0,60.0,28.0,0.004900894572639465,60.0,True,False
20.0,26.0,26.0,19.0,0.8251038176640922,26.0,True,False
15.0,12.0,15.0,16.0,0.3668975363977435,16.0,True,False
15.0,12.0,12.0,12.0,1.2226182116249835,15.0,True,False
13.0,18.0,29.0,31.0,0.013458293524635545,31.0,True,False
17.0,16.0,17.0,39.0,0.07074381000237695,39.0,True,False
16.0,35.0,56.0,59.0,0.0006356550616647087,59.0,True,False
14.0,33.0,55.0,58.0,3.0059060016141047e-07,58.0,True,False
20.0,25.0,25.0,14.0,1.64940620787961,25.0,True,False
20.0,23.0,26.0,23.0,0.3905643079301522,26.0,True,False
15.0,19.0,37.0,25.0,0.02683987024914042,37.0,True,False
15.0,25.0,29.0,16.0,0.4407769268113774,29.0,True,False
31.0,13.0,17.0,14.0,2.399394761101742,31.0,True,False
25.0,18.0,16.0,16.0,2.603489307558899,25.0,True,False
22.0,15.0,12.0,18.0,1.9140679694672769,22.0,True,False
15.0,13.0,17.0,29.0,0.06313068335980981,29.0,True,False
24.0,30.0,23.0,18.0,2.543550063099646,30.0,True,False
16.0,18.0,48.0,37.0,0.00031979587309579797,48.0,True,False
17.0,15.0,40.0,39.0,0.0003679573220019574,40.0,True,False
27.0,14.0,14.0,13.0,3.735111872725656,27.0,True,False
21.0,18.0,21.0,23.0,0.4074643857273083,23.0,True,False
18.0,43.0,51.0,50.0,0.02536059020694231,51.0,True,False
17.0,43.0,50.0,50.0,0.021939734429773487,50.0,True,False
12.0,57.0,60.0,60.0,0.0020903801432347515,60.0,True,False
15.0,18.0,20.0,35.0,0.058290840364836026,35.0,True,False
13.0,12.0,39.0,33.0,0.0005320958801079496,39.0,True,False
14.0,13.0,20.0,20.0,0.09654733801367192,20.0,True,False
13.0,19.0,20.0,15.0,0.46111434654218314,20.0,True,False
24.0,28.0,59.0,28.0,0.06890642652831235,59.0,True,False
29.0,24.0,18.0,17.0,4.537881894294563,29.0,True,False
15.0,25.0,14.0,14.0,3.1293114022117217,25.0,True,False
13.0,16.0,38.0,33.0,0.00046612351118794775,38.0,True,False
19.0,17.0,13.0,15.0,2.286539954414883,19.0,True,False
22.0,27.0,17.0,18.0,3.228839352639801,27.0,True,False
12.0,24.0,28.0,17.0,0.21230225837038424,28.0,True,False
19.0,28.0,13.0,30.0,1.4879687352090565,30.0,True,False
12.0,57.0,41.0,58.0,0.020551328278684264,58.0,True,False
15.0,13.0,17.0,21.0,0.1615550904494336,21.0,True,False
12.0,12.0,24.0,22.0,0.01649887533372519,24.0,True,True
12.0,12.0,39.0,12.0,0.02670380298666437,39.0,True,False
12.0,39.0,49.0,58.0,0.000415892431139259,58.0,True,False
25.0,15.0,19.0,16.0,1.1865163369204863,25.0,True,False
12.0,21.0,49.0,17.0,0.0250404304382473,49.0,True,False
16.0,44.0,59.0,58.0,0.0037758960160121373,59.0,True,False
12.0,12.0,16.0,22.0,0.07012517518908816,22.0,True,False
22.0,12.0,42.0,53.0,0.0006595107832109742,53.0,True,False
12.0,52.0,52.0,46.0,0.013593284166936925,52.0,True,False
15.0,25.0,13.0,23.0,1.2318808452055068,25.0,True,False
21.0,17.0,37.0,47.0,0.0037223509074431472,47.0,True,False
12.0,23.0,19.0,17.0,0.5043980158583143,23.0,True,False
29.0,18.0,32.0,21.0,0.400064332774713,32.0,True,False
15.0,47.0,48.0,55.0,0.015071522619366059,55.0,True,False
12.0,48.0,44.0,50.0,0.013815382915544096,50.0,True,False
19.0,18.0,29.0,22.0,0.153484384780156,29.0,True,False
30.0,19.0,18.0,12.0,6.223076877379661,30.0,True,False
14.0,24.0,22.0,21.0,0.3398813073584888,24.0,True,False
15.0,28.0,21.0,14.0,1.64940620787961,28.0,True,False
18.0,57.0,51.0,58.0,0.041037302771626344,58.0,True,False
14.0,27.0,20.0,15.0,1.2448326251295283,27.0,True,False
13.0,21.0,32.0,51.0,0.0005290040016370747,51.0,True,False
15.0,36.0,56.0,53.0,0.0014183792449148475,56.0,True,False
19.0,16.0,13.0,20.0,1.0505254634965595,20.0,True,False
19.0,12.0,13.0,19.0,0.6065256991243325,19.0,True,False
29.0,12.0,13.0,20.0,1.426071159490631,29.0,True,False
25.0,25.0,15.0,22.0,3.06131035763619,25.0,True,False
17.0,12.0,23.0,39.0,0.006913161597179373,39.0,True,False
12.0,26.0,48.0,21.0,0.02730573974063982,48.0,True,False
12.0,48.0,53.0,55.0,0.0028429480739570767,55.0,True,False
14.0,12.0,14.0,23.0,0.14247590489041181,23.0,True,False
12.0,14.0,25.0,45.0,2.5543002530348007e-05,45.0,True,False
15.0,41.0,54.0,58.0,0.002712412695574087,58.0,True,False
12.0,12.0,19.0,20.0,0.05506909070971695,20.0,True,True
15.0,52.0,52.0,58.0,0.013073947723172963,58.0,True,False
17.0,25.0,50.0,58.0,5.16379887482937e-06,58.0,True,False
15.0,25.0,26.0,16.0,0.5732957827036272,26.0,True,False
14.0,21.0,34.0,43.0,0.0032279517782302764,43.0,True,False
15.0,23.0,45.0,46.0,0.0005011930770746653,46.0,True,False
16.0,13.0,14.0,27.0,0.1648240033176197,27.0,True,False
20.0,15.0,14.0,23.0,0.6199951282972751,23.0,True,False
14.0,50.0,58.0,60.0,0.003234208332540282,60.0,True,False
14.0,30.0,53.0,50.0,0.00020195937829135032,53.0,True,False
25.0,32.0,23.0,12.0,7.586010944113871,32.0,True,False
12.0,15.0,35.0,30.0,0.0007370815939780846,35.0,True,False
14.0,47.0,56.0,58.0,0.003399692502997734,58.0,True,False
16.0,20.0,14.0,34.0,0.2787729995350383,34.0,True,False
14.0,15.0,32.0,45.0,2.414942606335031e-06,45.0,True,False
15.0,15.0,32.0,44.0,0.0002409266350626615,44.0,True,False
12.0,30.0,31.0,60.0,0.002427440502287588,60.0,True,False
22.0,17.0,23.0,20.0,0.4472454929906676,23.0,True,False
12.0,19.0,48.0,29.0,0.00038078755819701487,48.0,True,False
16.0,44.0,55.0,60.0,0.004768456098283728,60.0,True,False
18.0,19.0,19.0,17.0,0.8363911022387897,19.0,True,False
12.0,16.0,30.0,26.0,0.01037841810662537,30.0,True,False
30.0,16.0,15.0,20.0,2.1191226842840516,30.0,True,False
15.0,13.0,22.0,13.0,0.2889480228336983,22.0,True,False
17.0,27.0,54.0,34.0,0.011176861170503543,54.0,True,False
17.0,28.0,53.0,34.0,0.014369204951409763,53.0,True,False
14.0,30.0,51.0,57.0,3.980798957436708e-08,57.0,True,True
13.0,14.0,17.0,31.0,0.04042983612953886,31.0,True,False
13.0,15.0,28.0,38.0,0.0015203255244689085,38.0,True,False
14.0,17.0,37.0,41.0,0.00015899371868773846,41.0,True,False
18.0,19.0,20.0,26.0,0.2635928910303477,26.0,True,False
24.0,24.0,23.0,16.0,2.0190649889185273,24.0,True,False
15.0,12.0,30.0,31.0,0.002427440502287588,31.0,True,False
16.0,49.0,60.0,55.0,0.008704224373764231,60.0,True,False
15.0,15.0,28.0,29.0,0.017639630657325038,29.0,True,False
21.0,23.0,23.0,19.0,0.9234899275218075,23.0,True,False
15.0,13.0,15.0,18.0,0.3340179927122795,18.0,True,False
12.0,48.0,57.0,38.0,0.01479839479291196,57.0,True,False
19.0,13.0,27.0,19.0,0.11370529448901309,27.0,True,False
14.0,12.0,39.0,24.0,0.001239593033591666,39.0,True,False
15.0,39.0,59.0,59.0,0.0005652901773751166,59.0,True,False
26.0,18.0,19.0,12.0,3.64180832601331,26.0,True,False
15.0,15.0,12.0,21.0,0.5603687497279753,21.0,True,False
17.0,17.0,14.0,25.0,0.4643536059933786,25.0,True,False
20.0,14.0,30.0,20.0,0.10393359821341863,30.0,True,False
20.0,12.0,19.0,29.0,0.0848512407814659,29.0,True,False
16.0,23.0,21.0,21.0,0.4763591929310468,23.0,True,False
12.0,28.0,43.0,60.0,0.00019731165284828835,60.0,True,False
18.0,21.0,17.0,15.0,1.7904410029157045,21.0,True,False
15.0,12.0,37.0,28.0,0.0008682362556650931,37.0,True,False
16.0,16.0,30.0,15.0,0.1802932819388889,30.0,True,False
40.0,19.0,17.0,15.0,8.043535996345478,40.0,True,False
23.0,15.0,34.0,26.0,0.060512146933768864,34.0,True,False
29.0,19.0,18.0,26.0,1.0672359029810372,29.0,True,False
15.0,43.0,48.0,57.0,0.008366082071419798,57.0,True,False
16.0,19.0,15.0,21.0,0.6737127061673245,21.0,True,False
16.0,14.0,14.0,13.0,1.18046031583222,16.0,True,False
17.0,14.0,14.0,13.0,1.3535297688257597,17.0,True,False
27.0,18.0,20.0,18.0,1.4537623466704317,27.0,True,False
17.0,21.0,17.0,13.0,2.1641507760661916,21.0,True,False
19.0,19.0,59.0,38.0,0.0002801480698786827,59.0,True,False
29.0,27.0,21.0,30.0,1.2068732223870433,30.0,True,False
18.0,12.0,13.0,15.0,0.9281645756579406,18.0,True,False
14.0,14.0,37.0,37.0,1.2301639188610995e-06,37.0,True,True
20.0,20.0,19.0,15.0,1.585658800587486,20.0,True,False
38.0,27.0,12.0,18.0,21.212662938215665,38.0,True,False
12.0,12.0,27.0,31.0,0.0007708222591920574,31.0,True,False
12.0,12.0,35.0,28.0,7.072678224891596e-06,35.0,True,False
14.0,18.0,19.0,26.0,0.13384046607100977,26.0,True,False
23.0,15.0,14.0,16.0,1.9485347068142616,23.0,True,False
12.0,18.0,25.0,54.0,0.00024713962960035547,54.0,True,False
14.0,18.0,52.0,57.0,0.0035116387826271073,57.0,True,False
35.0,16.0,19.0,13.0,4.506819696774994,35.0,True,False
12.0,16.0,41.0,53.0,0.003127294106634806,53.0,True,False
19.0,16.0,26.0,23.0,0.13255561479137984,26.0,True,False
20.0,18.0,13.0,14.0,3.362612118345482,20.0,True,False
13.0,16.0,12.0,25.0,0.3014603043164341,25.0,True,False
19.0,18.0,32.0,53.0,0.0032915026234764705,53.0,True,False
16.0,28.0,17.0,16.0,2.258346221883293,28.0,True,False
15.0,17.0,43.0,34.0,0.0009083761915886918,43.0,True,False
17.0,18.0,25.0,15.0,0.4512086655277391,25.0,True,False
14.0,19.0,20.0,22.0,0.2118449102159348,22.0,True,False
13.0,13.0,43.0,37.0,0.0014483217921842375,43.0,True,False
13.0,22.0,12.0,29.0,0.4590872225266408,29.0,True,False
12.0,19.0,23.0,19.0,0.14247590489041181,23.0,True,False
18.0,14.0,37.0,60.0,0.0009465351424395815,60.0,True,False
27.0,16.0,12.0,27.0,1.4138494352739677,27.0,True,False
23.0,20.0,22.0,19.0,0.9143168032287511,23.0,True,False
16.0,12.0,14.0,14.0,0.6977469926401558,16.0,True,False
25.0,31.0,42.0,35.0,0.14663657932312277,42.0,True,False
12.0,12.0,22.0,18.0,0.04811751049900849,22.0,True,False
15.0,51.0,44.0,59.0,0.02262160526395006,59.0,True,False
12.0,53.0,27.0,60.0,0.061659478975363884,60.0,True,False
13.0,25.0,47.0,58.0,0.0006278543029486735,58.0,True,False
26.0,26.0,12.0,23.0,5.313006733103134,26.0,True,False
16.0,15.0,13.0,20.0,0.6065256991243325,20.0,True,False
13.0,13.0,13.0,35.0,0.051596780256302634,35.0,True,False
15.0,14.0,25.0,15.0,0.17282367981139235,25.0,True,False
19.0,25.0,14.0,13.0,6.079236543686993,25.0,True,False
12.0,12.0,29.0,29.0,0.0007260549955046195,29.0,True,True
12.0,12.0,28.0,35.0,7.072678224891596e-06,35.0,True,False
15.0,41.0,57.0,56.0,0.0023415774049063134,57.0,True,False
21.0,17.0,14.0,32.0,0.4258811153252972,32.0,True,False
14.0,35.0,60.0,56.0,2.414942606335031e-06,60.0,True,False
16.0,24.0,60.0,53.0,0.0005534071717499243,60.0,True,False
32.0,12.0,60.0,33.0,0.0024661224696348604,60.0,True,False
28.0,18.0,24.0,14.0,1.8379785492386034,28.0,True,False
21.0,12.0,40.0,33.0,0.0021743350899289075,40.0,True,False
12.0,17.0,14.0,14.0,0.8037785955209591,17.0,True,False
14.0,31.0,16.0,20.0,1.4688729176107718,31.0,True,False
13.0,22.0,45.0,52.0,0.00048651577292494315,52.0,True,False
13.0,21.0,45.0,52.0,0.0007624588876840053,52.0,True,False
17.0,26.0,21.0,17.0,1.1964332522374868,26.0,True,False
16.0,22.0,38.0,19.0,0.11782420184722692,38.0,True,False
17.0,27.0,57.0,53.0,5.863148842551167e-05,57.0,True,False
12.0,14.0,28.0,17.0,0.043539768353966446,28.0,True,False
15.0,22.0,19.0,18.0,0.6734384483567587,22.0,True,False
12.0,12.0,36.0,23.0,0.0008781572843167481,36.0,True,False
17.0,20.0,54.0,38.0,0.00045850299430817644,54.0,True,False
22.0,15.0,21.0,18.0,0.5310569567452869,22.0,True,False
16.0,41.0,60.0,57.0,0.002259437493790203,60.0,True,False
20.0,33.0,60.0,52.0,0.004523791478467335,60.0,True,False
14.0,20.0,18.0,26.0,0.2061262364812893,26.0,True,False
18.0,13.0,17.0,16.0,0.5126771836148251,18.0,True,False
12.0,12.0,21.0,28.0,0.010124109590717046,28.0,True,False
12.0,12.0,60.0,33.0,0.005119696151920129,60.0,True,False
29.0,16.0,14.0,16.0,3.713904218886062,29.0,True,False
14.0,40.0,31.0,60.0,0.02458496806878849,60.0,True,False
14.0,27.0,50.0,57.0,0.00013566998281292817,57.0,True,False
30.0,22.0,15.0,20.0,4.225987494556741,30.0,True,False
13.0,12.0,36.0,26.0,0.0005011930770746653,36.0,True,False
15.0,16.0,57.0,38.0,0.0011206426210611789,57.0,True,False
22.0,13.0,25.0,26.0,0.08745071775685472,26.0,True,False
14.0,12.0,35.0,34.0,9.627704090422892e-06,35.0,True,False
16.0,12.0,35.0,34.0,0.00029122149618133846,35.0,True,False
14.0,34.0,45.0,55.0,0.002308217052718324,55.0,True,False
19.0,22.0,28.0,16.0,0.6221366419975112,28.0,True,False
12.0,12.0,47.0,47.0,0.006255458563940026,47.0,True,False
23.0,39.0,57.0,56.0,0.018696655160728482,57.0,True,False
18.0,28.0,31.0,14.0,1.0343113696621902,31.0,True,False
26.0,12.0,24.0,26.0,0.1265371987841235,26.0,True,False
16.0,14.0,18.0,27.0,0.100252039720902,27.0,True,False
17.0,54.0,48.0,59.0,0.03235437440982059,59.0,True,False
19.0,15.0,29.0,22.0,0.09146338422339156,29.0,True,False
36.0,12.0,53.0,12.0,0.2861885764821764,53.0,True,False
16.0,37.0,58.0,57.0,0.001210277010766779,58.0,True,False
24.0,22.0,12.0,30.0,1.7487082820012316,30.0,True,False
12.0,12.0,33.0,27.0,0.00030056591173472594,33.0,True,False
16.0,29.0,55.0,57.0,1.3890937575877959e-05,57.0,True,False
19.0,28.0,15.0,13.0,6.67667255764361,28.0,True,False
13.0,17.0,45.0,43.0,0.0009040508560179767,45.0,True,False
22.0,18.0,17.0,25.0,0.6201332254613208,25.0,True,False
16.0,17.0,28.0,18.0,0.15634370236098935,28.0,True,False
12.0,17.0,17.0,19.0,0.2374609221818736,19.0,True,False
19.0,18.0,22.0,16.0,0.6844444575470058,22.0,True,False
20.0,29.0,22.0,13.0,3.548298200086165,29.0,True,False
19.0,19.0,15.0,19.0,1.259753345243669,19.0,True,False
38.0,52.0,54.0,47.0,0.4023193324562634,54.0,True,False
22.0,26.0,14.0,13.0,8.991468931107697,26.0,True,False
12.0,12.0,44.0,14.0,0.008007906881206244,44.0,True,False
21.0,15.0,19.0,24.0,0.29867334286321573,24.0,True,False
14.0,28.0,20.0,12.0,2.217281840410312,28.0,True,False
21.0,30.0,12.0,16.0,9.840585017235647,30.0,True,False
23.0,16.0,16.0,12.0,3.1413568897057482,23.0,True,False
14.0,18.0,13.0,21.0,0.6065256991243325,21.0,True,False
12.0,12.0,18.0,18.0,0.09009909906751659,18.0,True,True
13.0,13.0,32.0,35.0,4.373881041032176e-05,35.0,True,False
13.0,14.0,33.0,34.0,0.00032152125977487274,34.0,True,False
26.0,17.0,22.0,21.0,0.6600435317098727,26.0,True,False
25.0,24.0,12.0,17.0,7.822633644270754,25.0,True,False
14.0,12.0,42.0,43.0,0.002627184605109935,43.0,True,False
20.0,36.0,41.0,48.0,0.04909518538288305,48.0,True,False
15.0,16.0,20.0,25.0,0.1127083717750339,25.0,True,False
23.0,20.0,13.0,22.0,2.143624779043599,23.0,True,False
13.0,19.0,14.0,19.0,0.6151141040809415,19.0,True,False
15.0,44.0,39.0,60.0,0.018981112212354885,60.0,True,False
12.0,12.0,15.0,12.0,0.4299696039204675,15.0,True,False
13.0,12.0,51.0,25.0,0.00048076629761163194,51.0,True,False
14.0,12.0,51.0,23.0,1.1168650859769724e-06,51.0,True,True
14.0,12.0,16.0,13.0,0.440116785906212,16.0,True,False
23.0,22.0,26.0,22.0,0.5480974815033021,26.0,True,False
12.0,14.0,25.0,36.0,0.0017966867528309304,36.0,True,False
16.0,26.0,21.0,14.0,1.6146445920235493,26.0,True,False
30.0,13.0,24.0,21.0,0.3963082714992674,30.0,True,False
13.0,12.0,30.0,38.0,5.5312234034007006e-05,38.0,True,False
28.0,20.0,18.0,14.0,4.317846685060667,28.0,True,False
18.0,15.0,17.0,13.0,1.1608772385631043,18.0,True,False
14.0,12.0,15.0,14.0,0.4299696039204675,15.0,True,False
16.0,46.0,44.0,60.0,0.018092551103238118,60.0,True,False
21.0,13.0,22.0,18.0,0.29714994307359693,22.0,True,False
13.0,15.0,53.0,33.0,0.0010749902194484566,53.0,True,False
13.0,18.0,20.0,13.0,0.5711137389659154,20.0,True,False
14.0,24.0,14.0,14.0,2.464920063111502,24.0,True,False
16.0,23.0,60.0,19.0,0.03187213708617213,60.0,True,False
13.0,15.0,15.0,24.0,0.1579166994975046,24.0,True,False
19.0,22.0,20.0,18.0,1.0339468817080422,22.0,True,False
13.0,16.0,42.0,29.0,0.000701848964183862,42.0,True,False
16.0,41.0,58.0,58.0,0.0025731900304403125,58.0,True,False
16.0,28.0,21.0,24.0,0.5544434029732113,28.0,True,False
12.0,12.0,53.0,13.0,0.004188577935543199,53.0,True,False
15.0,35.0,49.0,60.0,0.0011759483829386554,60.0,True,False
15.0,23.0,21.0,14.0,1.0592321857415972,23.0,True,False
14.0,37.0,52.0,60.0,0.00047290227057031434,60.0,True,False
14.0,34.0,48.0,60.0,0.00044093502860393724,60.0,True,False
22.0,22.0,33.0,22.0,0.27288853497098126,33.0,True,False
31.0,20.0,25.0,16.0,1.9760506167613274,31.0,True,False
12.0,20.0,55.0,46.0,0.002442105583779822,55.0,True,False
14.0,18.0,19.0,24.0,0.166751563489484,24.0,True,False
29.0,16.0,13.0,13.0,6.766672233694432,29.0,True,False
22.0,20.0,50.0,19.0,0.10168354238233797,50.0,True,False
35.0,18.0,57.0,22.0,0.12824493489644906,57.0,True,False
31.0,15.0,48.0,60.0,0.00029511833512424994,60.0,True,False
25.0,18.0,13.0,29.0,1.101145134217639,29.0,True,False
15.0,14.0,40.0,37.0,5.699835760650532e-06,40.0,True,False
15.0,31.0,59.0,54.0,2.7946176968902474e-06,59.0,True,False
31.0,26.0,18.0,14.0,9.327730663981274,31.0,True,False
15.0,15.0,36.0,34.0,0.0015637441205314773,36.0,True,False
12.0,43.0,60.0,51.0,0.0005928312498227813,60.0,True,False
20.0,20.0,33.0,23.0,0.14648217473784614,33.0,True,False
33.0,12.0,49.0,21.0,0.05786927014356966,49.0,True,False
16.0,23.0,13.0,21.0,1.4489081903182635,23.0,True,False
15.0,20.0,17.0,22.0,0.4327794015416175,22.0,True,False
13.0,13.0,13.0,14.0,0.6151141040809415,14.0,True,False
30.0,42.0,45.0,48.0,0.192768422433108,48.0,True,False
19.0,18.0,16.0,34.0,0.23464059487417877,34.0,True,False
31.0,12.0,40.0,17.0,0.16223132461865963,40.0,True,False
33.0,25.0,12.0,18.0,13.50683865685139,33.0,True,False
17.0,17.0,28.0,14.0,0.3516081709843039,28.0,True,False
17.0,12.0,15.0,25.0,0.15977661820412065,25.0,True,False
20.0,28.0,12.0,26.0,2.724455502347633,28.0,True,False
15.0,12.0,12.0,25.0,0.2076813338295715,25.0,True,False
24.0,18.0,21.0,17.0,1.1359396773869779,24.0,True,False
16.0,30.0,46.0,57.0,0.0015044342224293777,57.0,True,False
15.0,40.0,50.0,60.0,0.0031047936477795516,60.0,True,False
13.0,16.0,13.0,18.0,0.5544434029732113,18.0,True,False
16.0,16.0,60.0,27.0,0.00018893510256330927,60.0,True,False
19.0,20.0,60.0,27.0,0.008152027039499717,60.0,True,False
20.0,40.0,58.0,51.0,0.015919798538412352,58.0,True,False
15.0,19.0,19.0,14.0,0.8596057255744385,19.0,True,False
27.0,12.0,53.0,19.0,0.03149504750403232,53.0,True,False
15.0,36.0,51.0,55.0,0.002326523020967721,55.0,True,False
25.0,13.0,23.0,25.0,0.17718885585535138,25.0,True,False
12.0,12.0,35.0,15.0,0.016901661314193978,35.0,True,False
23.0,15.0,22.0,27.0,0.19055735484574454,27.0,True,False
27.0,23.0,18.0,23.0,1.8379785492386034,27.0,True,False
26.0,17.0,44.0,58.0,0.0008362604052104796,58.0,True,False
19.0,24.0,20.0,22.0,0.7958144189865677,24.0,True,False
16.0,27.0,16.0,24.0,0.9618130428181735,27.0,True,False
16.0,16.0,50.0,60.0,0.00347462990677697,60.0,True,False
19.0,15.0,50.0,60.0,0.0024284518500591636,60.0,True,False
23.0,24.0,29.0,13.0,1.7421667813858919,29.0,True,False
14.0,19.0,28.0,21.0,0.09492661293481722,28.0,True,False
23.0,21.0,26.0,16.0,1.0338382486870017,26.0,True,False
32.0,12.0,22.0,15.0,1.039088772680774,32.0,True,False
20.0,15.0,34.0,16.0,0.16580472504021485,34.0,True,False
29.0,15.0,20.0,25.0,0.5266704984522811,29.0,True,False
15.0,15.0,50.0,51.0,0.0031409333720712456,51.0,True,False
15.0,15.0,57.0,52.0,0.004674237243262798,57.0,True,False
38.0,54.0,43.0,58.0,0.4603559188151563,58.0,True,False
23.0,25.0,12.0,13.0,12.543058845046314,25.0,True,False
24.0,12.0,15.0,14.0,1.5058952735679254,24.0,True,False
22.0,12.0,16.0,14.0,1.0697601559802756,22.0,True,False
15.0,31.0,49.0,56.0,0.0006340987070519446,56.0,True,False
24.0,14.0,17.0,24.0,0.4613806806785659,24.0,True,False
13.0,13.0,35.0,30.0,0.00027799080236879444,35.0,True,False
15.0,16.0,49.0,27.0,0.001378382268192392,49.0,True,False
34.0,22.0,15.0,13.0,13.628044278383719,34.0,True,False
21.0,25.0,23.0,18.0,1.263008742285916,25.0,True,False
13.0,12.0,28.0,33.0,0.0006027930466684219,33.0,True,False
14.0,12.0,27.0,42.0,1.4967794309949179e-05,42.0,True,False
17.0,26.0,15.0,16.0,2.8811237884216614,26.0,True,False
13.0,31.0,18.0,18.0,1.2090054430388828,31.0,True,False
14.0,12.0,36.0,43.0,0.001278219303580929,43.0,True,False
16.0,12.0,37.0,43.0,0.0005569839032579512,43.0,True,False
38.0,12.0,57.0,59.0,7.54484102344807e-05,59.0,True,False
12.0,12.0,14.0,14.0,0.3485893441323532,14.0,True,True
12.0,12.0,24.0,28.0,0.004900894572639465,28.0,True,False
28.0,27.0,16.0,24.0,3.328693244764141,28.0,True,False
15.0,14.0,18.0,28.0,0.07419486402402797,28.0,True,False
18.0,12.0,23.0,28.0,0.036528537015131646,28.0,True,False
38.0,13.0,59.0,58.0,6.5122649104987376e-09,59.0,True,True
26.0,27.0,14.0,23.0,4.1446644520910105,27.0,True,False
12.0,12.0,24.0,38.0,0.00018537944581807067,38.0,True,False
25.0,17.0,22.0,17.0,0.9842312813047431,25.0,True,False
25.0,23.0,16.0,31.0,1.030214583640852,31.0,True,False
17.0,18.0,33.0,31.0,0.023975707357398873,33.0,True,False
12.0,13.0,15.0,18.0,0.1879209087577435,18.0,True,False
14.0,14.0,27.0,24.0,0.025024016313615068,27.0,True,False
12.0,15.0,31.0,21.0,0.017481697650988955,31.0,True,False
12.0,15.0,32.0,21.0,0.015271477122496805,32.0,True,False
60.0,12.0,60.0,60.0,0.0031047936477795516,60.0,True,False
29.0,23.0,13.0,14.0,12.394313422997502,29.0,True,False
17.0,54.0,47.0,50.0,0.06069274362667977,54.0,True,False
20.0,54.0,48.0,50.0,0.09346513126139952,54.0,True,False
48.0,12.0,56.0,60.0,0.0007370815939780846,60.0,True,False
23.0,15.0,22.0,14.0,0.9522842868737691,23.0,True,False
23.0,12.0,30.0,38.0,0.009569914220932165,38.0,True,False
15.0,26.0,25.0,21.0,0.3582954043026605,26.0,True,False
24.0,27.0,12.0,29.0,2.950801249849054,29.0,True,False
15.0,12.0,29.0,31.0,0.0031296354319541755,31.0,True,False
60.0,37.0,35.0,55.0,1.0180152717214224,60.0,True,False
26.0,15.0,21.0,24.0,0.3963082714992674,26.0,True,False
12.0,12.0,28.0,30.0,0.0007370815939780846,30.0,True,False
44.0,13.0,60.0,57.0,0.0005277190882497831,60.0,True,False
26.0,15.0,21.0,23.0,0.43979987547279203,26.0,True,False
16.0,52.0,35.0,52.0,0.09788358988709478,52.0,True,False
17.0,52.0,35.0,51.0,0.12317205856653983,52.0,True,False
31.0,20.0,20.0,19.0,2.2120601673731954,31.0,True,False
13.0,15.0,16.0,21.0,0.19016386342523608,21.0,True,False
12.0,12.0,23.0,25.0,0.011268981228357103,25.0,True,True
54.0,14.0,59.0,58.0,0.005874319875761728,59.0,True,False
14.0,18.0,14.0,29.0,0.22696680291150725,29.0,True,False
21.0,19.0,43.0,28.0,0.03501240646168754,43.0,True,False
22.0,19.0,44.0,28.0,0.038027491950878026,44.0,True,False
36.0,19.0,60.0,55.0,0.003968168758522875,60.0,True,False
14.0,23.0,13.0,21.0,1.0716553024624305,23.0,True,False
12.0,12.0,30.0,28.0,0.0007370815939780846,30.0,True,False
12.0,12.0,30.0,30.0,0.00024713962960035547,30.0,True,True
58.0,12.0,59.0,54.0,0.005502141151494683,59.0,True,False
22.0,27.0,29.0,17.0,1.1248486650172094,29.0,True,False
16.0,25.0,32.0,38.0,0.0341022863448877,38.0,True,False
13.0,20.0,30.0,33.0,0.014005997699300804,33.0,True,False
23.0,22.0,14.0,22.0,2.2457354768545494,23.0,True,False
22.0,23.0,21.0,14.0,2.486326971275545,23.0,True,False
12.0,12.0,29.0,19.0,0.013703907032103517,29.0,True,False
12.0,12.0,29.0,25.0,0.002952983937283477,29.0,True,False
18.0,25.0,37.0,23.0,0.1478481973001442,37.0,True,False
20.0,25.0,13.0,21.0,2.8467197872131313,25.0,True,False
20.0,12.0,41.0,14.0,0.07498787576041023,41.0,True,False
20.0,19.0,19.0,19.0,0.8251038176640922,20.0,True,False
32.0,22.0,13.0,12.0,19.084152111669674,32.0,True,False
32.0,12.0,36.0,49.0,0.005388697768456221,49.0,True,False
13.0,15.0,22.0,18.0,0.12120488368655744,22.0,True,False
20.0,16.0,16.0,25.0,0.4299696039204675,25.0,True,False
14.0,12.0,28.0,30.0,0.0031047936477795516,30.0,True,False
14.0,12.0,30.0,29.0,0.0023837950358461574,30.0,True,False
22.0,15.0,24.0,13.0,0.8343232773659859,24.0,True,False
14.0,20.0,14.0,18.0,0.934763703074207,20.0,True,False
13.0,12.0,27.0,28.0,0.0038526701989140644,28.0,True,False
22.0,21.0,24.0,17.0,0.9762894714331068,24.0,True,False
12.0,26.0,24.0,26.0,0.1265371987841235,26.0,True,False
16.0,22.0,39.0,23.0,0.06157338528462871,39.0,True,False
14.0,17.0,33.0,24.0,0.024406477380580834,33.0,True,False
19.0,23.0,15.0,16.0,2.810833343620527,23.0,True,False
12.0,20.0,20.0,13.0,0.6065256991243325,20.0,True,False
16.0,12.0,33.0,21.0,0.017629719057699347,33.0,True,False
49.0,14.0,60.0,58.0,0.0027928172476758446,60.0,True,False
23.0,14.0,24.0,13.0,0.788139048130138,24.0,True,False
15.0,12.0,27.0,18.0,0.05111716089942069,27.0,True,False
16.0,12.0,33.0,16.0,0.04811751049900849,33.0,True,False
32.0,16.0,60.0,48.0,0.0011221463537293807,60.0,True,False
17.0,16.0,16.0,25.0,0.28699664186592994,25.0,True,False
30.0,14.0,36.0,34.0,0.039544476375270074,36.0,True,False
54.0,12.0,56.0,60.0,0.0023598044098393886,60.0,True,False
24.0,12.0,28.0,14.0,0.3485893441323532,28.0,True,False
20.0,17.0,30.0,23.0,0.12143433665627654,30.0,True,False
20.0,17.0,30.0,42.0,0.015765802049387462,42.0,True,False
36.0,19.0,13.0,14.0,13.060724470525164,36.0,True,False
28.0,15.0,15.0,19.0,1.7673173502654242,28.0,True,False
12.0,14.0,30.0,24.0,0.007930616440706658,30.0,True,False
16.0,19.0,22.0,31.0,0.09088324190946569,31.0,True,False
18.0,15.0,13.0,20.0,0.7995618312773644,20.0,True,False
12.0,12.0,31.0,22.0,0.0044708440078462435,31.0,True,False
38.0,19.0,56.0,48.0,0.015455926291981784,56.0,True,False
25.0,14.0,17.0,16.0,1.3052728460491319,25.0,True,False
17.0,18.0,34.0,20.0,0.09346513126139952,34.0,True,False
17.0,17.0,45.0,20.0,0.03126948065961224,45.0,True,False
33.0,20.0,15.0,19.0,4.715456326825431,33.0,True,False
27.0,13.0,15.0,20.0,1.052102903588625,27.0,True,False
12.0,12.0,30.0,23.0,0.004149463235852531,30.0,True,False
31.0,21.0,17.0,18.0,3.9329698156521795,31.0,True,False
22.0,18.0,16.0,26.0,0.6522884303874423,26.0,True,False
12.0,15.0,28.0,31.0,0.003980846162757472,31.0,True,False
13.0,15.0,32.0,30.0,0.0034628134929498,32.0,True,False
42.0,13.0,59.0,60.0,9.916103433552762e-05,60.0,True,False
16.0,13.0,15.0,16.0,0.521843471728544,16.0,True,False
21.0,12.0,57.0,57.0,0.004451157809182765,57.0,True,False
27.0,12.0,60.0,57.0,0.002454457588859231,60.0,True,False
40.0,18.0,57.0,59.0,0.004874166850611272,59.0,True,False
12.0,12.0,14.0,15.0,0.2931518169297514,15.0,True,False
12.0,12.0,13.0,31.0,0.04538637159224107,31.0,True,False
57.0,13.0,58.0,60.0,0.004713057246105911,60.0,True,False
13.0,34.0,17.0,25.0,0.8023155280295428,34.0,True,False
12.0,12.0,20.0,25.0,0.020655632487773773,25.0,True,False
12.0,13.0,20.0,32.0,0.009894415230163043,32.0,True,False
37.0,18.0,60.0,48.0,0.007563898349482048,60.0,True,False
14.0,27.0,16.0,21.0,0.9618130428181735,27.0,True,False
23.0,13.0,20.0,37.0,0.06748290997316957,37.0,True,False
17.0,17.0,38.0,27.0,0.01887795992349557,38.0,True,False
32.0,14.0,59.0,60.0,0.00031419875500422463,60.0,True,False
15.0,17.0,16.0,24.0,0.2701745492493116,24.0,True,False
20.0,27.0,34.0,40.0,0.06389747499166407,40.0,True,False
21.0,12.0,28.0,33.0,0.01649887533372519,33.0,True,False
22.0,16.0,59.0,52.0,0.0008730015639100097,59.0,True,False
13.0,17.0,20.0,28.0,0.06268189834083264,28.0,True,False
13.0,12.0,28.0,29.0,0.002288560528130563,29.0,True,False
46.0,12.0,59.0,60.0,0.00013578958006417785,60.0,True,False
23.0,15.0,14.0,25.0,0.7080127934946668,25.0,True,False
17.0,54.0,55.0,51.0,0.033486585358515,55.0,True,False
46.0,21.0,59.0,60.0,0.016538482418334426,60.0,True,False
31.0,15.0,24.0,18.0,0.8688282395167596,31.0,True,False
18.0,12.0,13.0,12.0,1.5384335413459267,18.0,True,False
26.0,21.0,20.0,21.0,1.3356902791477074,26.0,True,False
24.0,18.0,13.0,17.0,3.277808161946558,24.0,True,False
12.0,12.0,13.0,34.0,0.03294679870341383,34.0,True,False
28.0,12.0,38.0,50.0,0.0010603346732658329,50.0,True,False
17.0,30.0,18.0,21.0,1.4518491342103834,30.0,True,False
12.0,12.0,31.0,20.0,0.007740258646831452,31.0,True,False
12.0,12.0,29.0,21.0,0.008496023637653597,29.0,True,False
51.0,12.0,59.0,60.0,0.0008180761864457665,60.0,True,False
17.0,20.0,17.0,16.0,1.2226182116249835,20.0,True,False
15.0,12.0,31.0,24.0,0.00953672540981445,31.0,True,False
15.0,33.0,58.0,49.0,0.0008936388449865975,58.0,True,False
15.0,16.0,23.0,19.0,0.16396001195377444,23.0,True,False
13.0,12.0,34.0,19.0,0.009449150950514936,34.0,True,False
18.0,13.0,14.0,22.0,0.37879216247106884,22.0,True,False
19.0,14.0,24.0,18.0,0.22227586674653327,24.0,True,False
14.0,34.0,31.0,45.0,0.03878509309159341,45.0,True,False
16.0,27.0,21.0,18.0,0.9971576587701666,27.0,True,False
15.0,15.0,26.0,25.0,0.04075332238284258,26.0,True,False
12.0,12.0,25.0,30.0,0.0022772628441437115,30.0,True,False
12.0,12.0,29.0,30.0,0.00045104910178678405,30.0,True,False
29.0,15.0,58.0,58.0,0.0002240703605990169,58.0,True,False
14.0,18.0,13.0,34.0,0.18135369201689555,34.0,True,False
17.0,15.0,26.0,22.0,0.09091724785052394,26.0,True,False
20.0,26.0,36.0,29.0,0.1251779542599047,36.0,True,False
19.0,22.0,57.0,55.0,0.00011981472859200333,57.0,True,False
18.0,14.0,20.0,28.0,0.09346513126139952,28.0,True,False
14.0,12.0,29.0,27.0,0.0049392871428949065,29.0,True,False
44.0,13.0,59.0,60.0,0.00029937983287923466,60.0,True,False
14.0,18.0,14.0,14.0,1.3028737700595825,18.0,True,False
12.0,12.0,26.0,17.0,0.03294679870341383,26.0,True,False
12.0,12.0,26.0,20.0,0.017594364984514693,26.0,True,False
16.0,29.0,60.0,59.0,0.00017439522550613486,60.0,True,False
13.0,22.0,25.0,12.0,0.6545683887679322,25.0,True,False
16.0,16.0,37.0,31.0,0.006227041892232327,37.0,True,False
21.0,19.0,37.0,34.0,0.02989122406177471,37.0,True,False
21.0,12.0,22.0,14.0,0.45414457062294566,22.0,True,False
16.0,12.0,22.0,25.0,0.04194778507091028,25.0,True,False
13.0,14.0,30.0,30.0,0.003357379364838888,30.0,True,False
33.0,14.0,21.0,23.0,0.6597377396815846,33.0,True,False
20.0,13.0,24.0,30.0,0.04701602356668032,30.0,True,False
16.0,13.0,31.0,30.0,0.006300642913935937,31.0,True,False
55.0,13.0,59.0,60.0,0.0033290680153193705,60.0,True,False
13.0,13.0,26.0,15.0,0.08355221986493597,26.0,True,False
14.0,12.0,29.0,24.0,0.009428407198095724,29.0,True,False
18.0,18.0,22.0,19.0,0.3979594745810768,22.0,True,False
18.0,12.0,28.0,26.0,0.02323306721908102,28.0,True,False
12.0,12.0,26.0,25.0,0.005968974213781366,26.0,True,True
19.0,15.0,21.0,19.0,0.3249072840855937,21.0,True,False
22.0,19.0,21.0,16.0,1.2094903010922329,22.0,True,False
13.0,16.0,37.0,27.0,0.004086902137303116,37.0,True,False
19.0,29.0,59.0,58.0,0.0002801480698786827,59.0,True,False
31.0,13.0,21.0,15.0,1.2884196702784148,31.0,True,False
15.0,17.0,24.0,42.0,0.011815008613749584,42.0,True,False
15.0,13.0,35.0,23.0,0.009595515088988016,35.0,True,False
40.0,14.0,59.0,60.0,0.0001935650472727443,60.0,True,False
23.0,12.0,15.0,31.0,0.20184269036149885,31.0,True,False
12.0,12.0,22.0,30.0,0.005461578532075877,30.0,True,False
18.0,26.0,14.0,21.0,2.095422455017534,26.0,True,False
18.0,23.0,23.0,13.0,1.5384335413459267,23.0,True,False
14.0,47.0,31.0,57.0,0.05203109017596253,57.0,True,False
53.0,13.0,59.0,60.0,0.0025354692812526642,60.0,True,False
14.0,16.0,27.0,18.0,0.100252039720902,27.0,True,False
13.0,12.0,13.0,13.0,0.6065256991243325,13.0,True,False
14.0,14.0,14.0,15.0,0.6226062284255093,15.0,True,False
23.0,13.0,15.0,16.0,1.2134212337758676,23.0,True,False
24.0,12.0,37.0,40.0,0.0025316263772440137,40.0,True,False
17.0,28.0,26.0,22.0,0.4731905986062202,28.0,True,False
17.0,24.0,13.0,21.0,1.823110709431131,24.0,True,False
13.0,14.0,21.0,56.0,0.00010988448322881695,56.0,True,False
14.0,22.0,17.0,36.0,0.12887285017075975,36.0,True,False
12.0,12.0,12.0,13.0,0.6065256991243325,13.0,True,False
24.0,13.0,20.0,15.0,0.8023155280295428,24.0,True,False
25.0,17.0,31.0,18.0,0.3811450016734286,31.0,True,False
24.0,15.0,24.0,17.0,0.5447526632312516,24.0,True,False
19.0,15.0,16.0,16.0,0.9389647310940975,19.0,True,False
17.0,28.0,29.0,12.0,1.497042220644376,29.0,True,False
14.0,14.0,28.0,31.0,0.006646672410808791,31.0,True,False
34.0,23.0,58.0,59.0,0.007096715875024928,59.0,True,False
16.0,22.0,15.0,32.0,0.34698462500127986,32.0,True,False
16.0,26.0,40.0,33.0,0.029197305444833514,40.0,True,False
18.0,13.0,14.0,20.0,0.4780823052122091,20.0,True,False
27.0,15.0,18.0,21.0,0.8596057255744385,27.0,True,False
49.0,13.0,59.0,59.0,0.001498779055726294,59.0,True,False
25.0,19.0,13.0,35.0,0.8094181990403976,35.0,True,False
24.0,30.0,15.0,16.0,8.155140574920324,30.0,True,False
12.0,12.0,30.0,25.0,0.0022772628441437115,30.0,True,False
15.0,13.0,20.0,38.0,0.012611205235127897,38.0,True,False
18.0,19.0,12.0,20.0,1.6402454479545174,20.0,True,False
13.0,12.0,30.0,26.0,0.0031047936477795516,30.0,True,False
13.0,12.0,30.0,28.0,0.0017168559882257566,30.0,True,False
22.0,20.0,17.0,16.0,2.170812479741899,22.0,True,False
33.0,25.0,22.0,12.0,8.884695743727134,33.0,True,False
13.0,22.0,30.0,21.0,0.09590723286625163,30.0,True,False
12.0,12.0,13.0,13.0,0.5009690638972156,13.0,True,True
25.0,13.0,15.0,26.0,0.47479542671339464,26.0,True,False
12.0,12.0,17.0,17.0,0.12530932465497427,17.0,True,True
12.0,15.0,27.0,26.0,0.012573345829892875,27.0,True,False
37.0,18.0,60.0,59.0,0.0019233722821461066,60.0,True,False
17.0,19.0,16.0,18.0,0.9550145389007001,19.0,True,False
12.0,12.0,22.0,23.0,0.019685676955293264,23.0,True,True
34.0,15.0,56.0,60.0,5.6345883520188925e-05,60.0,True,False
14.0,27.0,23.0,22.0,0.3633150949246891,27.0,True,False
14.0,12.0,30.0,30.0,0.0017966867528309304,30.0,True,False
18.0,33.0,59.0,58.0,0.0008586878099842957,59.0,True,False
15.0,25.0,26.0,27.0,0.15202880167788466,27.0,True,False
12.0,12.0,28.0,27.0,0.002134150400820784,28.0,True,True
21.0,21.0,16.0,13.0,3.9042321160700237,21.0,True,False
12.0,23.0,17.0,12.0,1.460863471749623,23.0,True,False
18.0,18.0,35.0,28.0,0.03471995712238384,35.0,True,False
23.0,30.0,53.0,55.0,0.008542817757239347,55.0,True,False
16.0,26.0,16.0,28.0,0.6151141040809415,28.0,True,False
12.0,14.0,30.0,32.0,0.0009437598864175528,32.0,True,False
35.0,13.0,58.0,53.0,1.3959863422410756e-05,58.0,True,False
29.0,12.0,35.0,14.0,0.32027083042692894,35.0,True,False
17.0,16.0,33.0,28.0,0.022527899523206735,33.0,True,False
17.0,16.0,34.0,39.0,0.0037025862405112675,39.0,True,False
17.0,25.0,21.0,17.0,1.0945278818076816,25.0,True,False
29.0,18.0,14.0,21.0,2.6609141816107975,29.0,True,False
12.0,12.0,30.0,26.0,0.0016269977236277897,30.0,True,False
12.0,14.0,33.0,32.0,0.00021938303001363808,33.0,True,False
35.0,14.0,59.0,59.0,1.2356466103807353e-05,59.0,True,False
23.0,15.0,30.0,13.0,0.5480974815033021,30.0,True,False
16.0,15.0,31.0,31.0,0.011121923292050653,31.0,True,False
14.0,20.0,24.0,14.0,0.47479542671339464,24.0,True,False
12.0,18.0,16.0,25.0,0.15659485280230273,25.0,True,False
12.0,17.0,26.0,30.0,0.013749705155037487,30.0,True,False
12.0,18.0,25.0,32.0,0.015805688179593144,32.0,True,False
40.0,13.0,60.0,54.0,0.0002629100876818236,60.0,True,False
25.0,16.0,28.0,22.0,0.2550970429108636,28.0,True,False
12.0,12.0,33.0,30.0,1.3811436508960998e-06,33.0,True,True
24.0,36.0,20.0,13.0,10.104754170984314,36.0,True,False
21.0,19.0,23.0,20.0,0.5228909350049706,23.0,True,False
21.0,12.0,35.0,23.0,0.02848133950255819,35.0,True,False
21.0,12.0,35.0,22.0,0.033486585358515,35.0,True,False
41.0,14.0,60.0,58.0,0.00042696799801125355,60.0,True,False
25.0,24.0,13.0,15.0,8.600399377026289,25.0,True,False
14.0,13.0,31.0,30.0,0.002643975259884228,31.0,True,False
16.0,13.0,21.0,30.0,0.03455115334664181,30.0,True,False
16.0,15.0,19.0,15.0,0.4869610402830937,19.0,True,False
22.0,15.0,30.0,30.0,0.0494561298346373,30.0,True,False
22.0,21.0,28.0,21.0,0.4114388091180565,28.0,True,False
28.0,13.0,60.0,60.0,0.0018634946707377755,60.0,True,False
13.0,20.0,33.0,18.0,0.08610181803984414,33.0,True,False
16.0,47.0,37.0,54.0,0.05386904136309174,54.0,True,False
15.0,41.0,36.0,39.0,0.08629191968974025,41.0,True,False
23.0,21.0,58.0,59.0,9.82067638127958e-06,59.0,True,False
16.0,30.0,19.0,21.0,1.1209053888218126,30.0,True,False
19.0,12.0,32.0,23.0,0.027391336989261435,32.0,True,False
19.0,12.0,32.0,24.0,0.02328544009805729,32.0,True,False
42.0,14.0,57.0,57.0,0.0013468487438974646,57.0,True,False
22.0,26.0,15.0,29.0,1.3704523371126172,29.0,True,False
12.0,12.0,30.0,14.0,0.039433149835154224,30.0,True,False
32.0,16.0,43.0,41.0,0.021355362865762534,43.0,True,False
19.0,13.0,14.0,17.0,0.7984062281649102,19.0,True,False
19.0,13.0,30.0,23.0,0.04566413825538601,30.0,True,False
19.0,15.0,35.0,25.0,0.03291864505185294,35.0,True,False
21.0,12.0,17.0,14.0,0.8363911022387897,21.0,True,False
18.0,17.0,27.0,19.0,0.2044956054838709,27.0,True,False
16.0,22.0,22.0,24.0,0.27288853497098126,24.0,True,False
20.0,15.0,33.0,29.0,0.028628741199181792,33.0,True,False
25.0,26.0,57.0,55.0,0.003976210264159444,57.0,True,False
